omega,D(omega)
1.2,-0.5129233953144675
1.2571428571428571,-0.43091373430367275
1.3142857142857143,-0.3364266279675349
1.3714285714285714,-0.22760617606439815
1.4285714285714286,-0.10239991363023114
1.4857142857142858,0.04129172534924575
1.5428571428571427,0.2051431149297714
1.6,0.389107363291578
1.657142857142857,0.5881905950026628
1.7142857142857144,0.7855702662324471
1.7714285714285714,0.942636016721583
1.8285714285714287,0.9994845240474157
1.8857142857142857,0.9115217849897158
1.9428571428571428,0.6965065998660369
2.0,0.4165272968780587
2.057142857142857,0.12521218155836217
2.1142857142857143,-0.1491067521858576
2.1714285714285717,-0.39398402122254467
2.2285714285714286,-0.6030537562009038
2.2857142857142856,-0.7715830270522447
2.342857142857143,-0.8954843433513433
2.4000000000000004,-0.9718447272539612
2.4571428571428573,-0.9998163482125721
2.5142857142857142,-0.9811709059108101
2.571428571428571,-0.9201820640030408
2.6285714285714286,-0.8228841633215659
2.685714285714286,-0.6960397982887476
2.742857142857143,-0.5462071057131689
2.8,-0.3791656972764142
2.857142857142857,-0.19978292452736188
2.9142857142857146,-0.01229041756688912
2.9714285714285715,0.17909247670785564
3.0285714285714285,0.36926897963084204
3.085714285714286,0.5512880526489019
3.1428571428571432,0.7157178932525553
3.2,0.8511334307403117
3.257142857142857,0.9463934587175113
3.314285714285714,0.9942631514492677
3.371428571428572,0.9942973268482578
3.428571428571429,0.9528249391186678
3.4857142857142858,0.880132291757454
3.5428571428571427,0.7869881637261599
3.6000000000000005,0.6823627158742811
3.6571428571428575,0.5726872884409812
3.7142857142857144,0.46208390062471016
3.7714285714285714,0.35293910314872073
3.828571428571429,0.24646988081397608
3.885714285714286,0.14316053490248734
3.942857142857143,0.04306396311081928
4.0,-0.05400161470601385
4.057142857142857,-0.14832610081527384
4.114285714285715,-0.24022354484113304
4.171428571428572,-0.3299706051117566
4.228571428571429,-0.41775286930989
4.285714285714286,-0.5036077239622299
4.342857142857143,-0.5873540048435923
4.4,-0.6684995343781969
4.457142857142857,-0.7461190796203887
4.514285714285714,-0.8186998190776906
4.571428571428572,-0.8839628405080058
4.628571428571429,-0.9386934478738308
4.685714285714286,-0.9786537415357347
4.742857142857143,-0.9987017570688734
4.800000000000001,-0.9932681156034185
4.857142857142858,-0.9572744639047255
4.914285714285715,-0.8873580120544208
4.9714285714285715,-0.7829626199699717
5.0285714285714285,-0.6467360840420991
5.085714285714286,-0.48398254282442166
5.142857142857143,-0.3015030956794225
5.2,-0.1065138475045693
5.257142857142858,0.09382497231465368
5.314285714285715,0.2922007517030236
5.371428571428572,0.4806340642261198
5.428571428571429,0.6502871660568659
5.485714285714287,0.7921941304411034
5.542857142857144,0.8990199081640878
5.6000000000000005,0.9670883749500517
5.6571428571428575,0.997409066014248
5.714285714285715,0.9950111650081033
5.771428571428572,0.9670938456827132
5.828571428571429,0.9211008453887223
5.885714285714286,0.8634689569624217
5.942857142857143,0.7991509218294995
6.000000000000001,0.7316541960499786
6.057142857142858,0.6633063665852879
6.114285714285715,0.595562072112422
6.171428571428572,0.5292683770429232
6.2285714285714295,0.46486651384675715
6.2857142857142865,0.4025348346064616
6.342857142857143,0.3422859001037927
6.4,0.2840306160337727
6.457142857142858,0.22761974635697588
6.514285714285715,0.17287030795292455
6.571428571428572,0.11958203163373939
6.628571428571429,0.0675473741256064
6.685714285714286,0.016557397594681087
6.742857142857144,-0.033594961069695194
6.800000000000001,-0.08311320569745347
6.857142857142858,-0.13219648634807304
6.914285714285715,-0.18103918659506021
6.971428571428572,-0.22983048318914398
7.028571428571429,-0.2787534851230077
7.085714285714286,-0.3279835326224479
7.142857142857143,-0.37768508695040004
7.200000000000001,-0.428006467248252
7.257142857142858,-0.4790713476868464
7.314285714285715,-0.5309654426176417
7.371428571428572,-0.5837161158108185
7.42857142857143,-0.6372616413410838
7.485714285714287,-0.691405614221205
7.542857142857144,-0.7457504057347735
7.6000000000000005,-0.7996022388715132
7.6571428571428575,-0.8518402987550185
7.714285714285715,-0.9007457739358831
7.771428571428572,-0.9437985717553103
7.828571428571429,-0.9774771074129663
7.885714285714286,-0.9971463918299256
7.942857142857144,-0.9971858090358879
8.0,-0.9715470860934599
8.057142857142857,-0.9148495639372646
8.114285714285714,-0.8238281283353018
8.171428571428573,-0.6985532135784641
8.22857142857143,-0.5427322785379824
8.285714285714286,-0.3628906425291387
8.342857142857143,-0.16699382794722947
8.4,0.03662255741298047
8.457142857142857,0.23955844642639812
8.514285714285714,0.43312044507543124
8.571428571428571,0.6082435043828911
8.628571428571428,0.7562205737968497
8.685714285714287,0.8703161350611364
8.742857142857144,0.9474826039620158
8.8,0.9890454984436982
8.857142857142858,0.9998866009999877
8.914285714285715,0.9867031106838408
8.971428571428572,0.9563152641584377
9.028571428571428,0.9146066195275231
9.085714285714285,0.8661335722592539
9.142857142857144,0.814168124009788
9.2,0.7609293232750165
9.257142857142858,0.7078495248210727
9.314285714285715,0.6558062282636646
9.371428571428572,0.6053003609231161
9.428571428571429,0.5565844339416032
9.485714285714286,0.5097510165159465
9.542857142857143,0.4647922710648023
9.6,0.42163930038576247
9.657142857142857,0.3801878055455747
9.714285714285714,0.3403145646960089
9.771428571428572,0.301887855629286
9.82857142857143,0.2647738891787783
9.885714285714286,0.22884063490480322
9.942857142857143,0.19395995046447467
10.0,0.16000861473117511
10.057142857142857,0.12686865939381778
10.114285714285714,0.09442725248575876
10.17142857142857,0.06257631287005103
10.22857142857143,0.03121195160022638
10.285714285714286,0.00023381799895090923
10.342857142857143,-0.030455605504680124
10.4,-0.0609517336982902
10.457142857142857,-0.09134861117724673
10.514285714285714,-0.12173964490308811
10.571428571428571,-0.15221831319487666
10.628571428571428,-0.18287885198049222
10.685714285714285,-0.2138168867632909
10.742857142857144,-0.24513002028223232
10.8,-0.2769182999149074
10.857142857142858,-0.30928454249031173
10.914285714285715,-0.342334423488127
10.971428571428572,-0.3761762097351977
11.028571428571428,-0.41091995082188004
11.085714285714285,-0.4466758512232957
11.142857142857142,-0.48355140839630595
11.200000000000001,-0.5216466965197242
11.257142857142858,-0.5610468718513982
11.314285714285715,-0.6018105291172534
11.371428571428572,-0.6439518883083655
11.428571428571429,-0.6874138677847491
11.485714285714286,-0.7320278394578045
11.542857142857143,-0.7774542677848336
11.6,-0.8230967249480693
11.657142857142857,-0.8679806964786773
11.714285714285715,-0.9105901213559634
11.771428571428572,-0.9486627839416822
11.82857142857143,-0.9789678804780316
11.885714285714286,-0.9971342160080962
11.942857142857143,-0.9976676176480995
12.0,-0.9743619935927147
