x_abs_z,abs_Qint_outer_over_Q0_outer,abs_Qint_inner_over_Q0_inner
0.001,1.9629664024319216e-06,2.3371647976947845
0.0010130444878542818,1.9886103071560257e-06,2.3371392977762544
0.0010262591343719442,2.0145897224133596e-06,2.337113465772752
0.001039646159185605,2.040909051060127e-06,2.337087297366782
0.0010532078108818534,2.0675727538803765e-06,2.3370607881849077
0.0010669463673789366,2.0945853507735993e-06,2.337033933797028
0.0010808641363093813,2.1219514211012666e-06,2.3370067297156547
0.001094963455407598,2.149675605266546e-06,2.336979171395165
0.0011092466929025447,2.1777626043155905e-06,2.3369512542310624
0.0011237162479155144,2.2062171816987227e-06,2.3369229735592136
0.0011383745508631075,2.2350441637767483e-06,2.336894324655087
0.001153224063865466,2.26424844068678e-06,2.336865302732971
0.0011682672811598248,2.29383496721233e-06,2.3368359029451935
0.0011835067295194689,2.32380876365638e-06,2.3368061203813193
0.0011989449686781466,2.354174916492278e-06,2.33677595006735
0.0012145845917600209,2.3849385801260317e-06,2.3367453869649037
0.0012304282257152325,2.416104976326857e-06,2.336714425970391
0.0012464785317611404,2.447679396439237e-06,2.3366830619141736
0.001262738205829323,2.4796672015769816e-06,2.3366512895597222
0.0012792099790184012,2.5120738239693022e-06,2.3366191036027533
0.001295896618052783,2.5449047677211537e-06,2.3365864986703637
0.0013128009257473774,2.578165609809973e-06,2.3365534693201453
0.0013299257414783792,2.61186200095063e-06,2.3365200100393
0.0013472739416601908,2.6459996668663373e-06,2.336486115243734
0.0013648484402285675,2.680584409025732e-06,2.336451779277141
0.001382652189130066,2.715622105782336e-06,2.336416996410083
0.0014006881788178693,2.7511187133818994e-06,2.336381760839048
0.0014189594387540954,2.7870802671226064e-06,2.3363460666855063
0.0014374690379186418,2.8235128820514417e-06,2.3363099079949423
0.0014562200853246777,2.8604227547568823e-06,2.3362732787358897
0.0014752157305408567,2.8978161637544305e-06,2.336236172798941
0.0014944591642203425,2.9356994706251663e-06,2.336198583995753
0.0015139536186367366,2.974079121697526e-06,2.336160506058036
0.0015337023682269896,3.0129616487224607e-06,2.336121932636531
0.00155370873014141,3.052353670411727e-06,2.336082857299975
0.0015739760648008313,3.09226189268985e-06,2.3360432735340497
0.001594507776461056,3.1326931113706576e-06,2.336003174740328
0.0016153073137846602,3.1736542120319278e-06,2.3359625542351883
0.001636378170420257,3.2151521719641966e-06,2.3359214052487363
0.0016577238855893176,3.2571940609580955e-06,2.335879720923697
0.0016793480446806405,3.299787042897015e-06,2.3358374943143017
0.0017012542798525892,3.342938377068855e-06,2.335794718385159
0.0017234462706431713,3.3866554191372226e-06,2.335751386010108
0.0017459277445880834,3.4309456227735187e-06,2.3357074899710675
0.0017687024778468166,3.475816540491193e-06,2.3356630229568567
0.0017917742958369275,3.521275825775989e-06,2.3356179775620114
0.001815147073876587,3.567331233806612e-06,2.335572346285583
0.0018388247378355073,3.613990622991485e-06,2.335526121529921
0.0018628112647943555,3.661261956263213e-06,2.335479295599445
0.001887110683712785,3.7091533031894293e-06,2.33543186069939
0.001911727076106162,3.7576728402041915e-06,2.3353838089345538
0.0019366645767311306,3.80682885327159e-06,2.335335132308012
0.0019619273742801178,3.8566297385006004e-06,2.335285822719827
0.0019875197120849,3.9070840043101405e-06,2.335235871965739
0.002013445888829337,3.958200272441491e-06,2.3351852717358383
0.002039710259271425,4.009987279536013e-06,2.335134013613224
0.0020663172349747456,4.062453879386315e-06,2.335082089072646
0.002093271285049467,4.115609043422634e-06,2.3350294894791253
0.0021205769369030117,4.169461863296977e-06,2.3349762060865666
0.002148238777000513,4.224021552011887e-06,2.3349222300363475
0.0021762614516351937,4.279297445888987e-06,2.334867552355887
0.002204649667708793,4.335299005832925e-06,2.3348121639572046
0.002233408193522167,4.392035819112057e-06,2.334756055635459
0.0022625418595762204,4.4495176019529046e-06,2.3346992180674655
0.002292055559383267,4.5077542000247666e-06,2.3346416418101956
0.002321954250288981,4.566755590818131e-06,2.334583317299264
0.002352242954305074,4.626531885695148e-06,2.3345242348473914
0.002382926758952829,4.687093331538736e-06,2.334464384642849
0.0024140108181176325,4.748450312145701e-06,2.3344037567478875
0.002445500352914673,4.8106133507130735e-06,2.3343423410971416
0.0024774006525659104,4.873593111589591e-06,2.334280127496022
0.0025097170752884966,4.9374004022479095e-06,2.3342171056190786
0.002542455049194781,5.002046175012733e-06,2.3341532650083554
0.0025756200732040603,5.067541529399536e-06,2.334088595071712
0.002609217717966215,5.133897713849384e-06,2.334023085081136
0.002643253626797405,5.201126127963913e-06,2.3339567241710304
0.0026777335166279503,5.269238324494191e-06,2.3338895013364787
0.002712663178962607,5.338246011747718e-06,2.333821405431491
0.0027480484808533427,5.408161055015871e-06,2.3337524251672286
0.002783895365884812,5.4789954798522225e-06,2.3336825491102067
0.0028202098551726876,5.550761472899505e-06,2.3336117656804785
0.002856998048375017,5.623471385676816e-06,2.333540063149789
0.0028942661247167516,5.697137735685286e-06,2.333467429639716
0.0029320203440276788,5.771773209000862e-06,2.333393853119785
0.002970267047793855,5.847390662748984e-06,2.3333193214055585
0.003009012660222776,5.924003127959263e-06,2.3332438221567084
0.0030482636893224323,6.0016238106895865e-06,2.333167342875058
0.003088026727994447,6.080266095920827e-06,2.3330898709026076
0.0031283084551414686,6.159943548832724e-06,2.3330113934195316
0.0031691156367890123,6.240669918432925e-06,2.3329318974421556
0.003210455127221921,6.3224591391626855e-06,2.332851369820904
0.0032523338701356845,6.405325334002393e-06,2.332769797238227
0.003294758899802739,6.489282816609873e-06,2.332687166206502
0.003337737342254003,6.574346095340815e-06,2.332603463065914
0.0033812764164758216,6.660529873925857e-06,2.3325186739822996
0.0034253834356225104,6.747849055598169e-06,2.332432784944978
0.0034700658082447463,6.83631874604793e-06,2.3323457817645514
0.003515331039533954,6.925954255321632e-06,2.3322576500706735
0.0035611867325829345,7.0167711011841555e-06,2.3321683753098044
0.0036076405896629427,7.10878501206255e-06,2.3320779427429255
0.003654700413517415,7.202011930131693e-06,2.3319863374432375
0.003702374108672582,7.296468013892299e-06,2.3318935442938256
0.003750669682765169,7.392169641785638e-06,2.3317995479852995
0.0037995952478874265,7.489133414500322e-06,2.331704333013406
0.0038491590219496812,7.587376159183506e-06,2.331607883676611
0.0038993693300607033,7.686914931758323e-06,2.33151018407366
0.003950234605926039,7.78776702047683e-06,2.3314112181010977
0.004001763393264605,7.889949949223077e-06,2.331310969450774
0.00405396434724376,7.993481480988827e-06,2.3312094216073063
0.0041068462359330725,8.098379620887269e-06,2.3311065578455255
0.004160417941777105,8.204662619792507e-06,2.3310023612278825
0.004214688463087353,8.312348978197112e-06,2.3308968146018274
0.004269666915553677,8.421457449249248e-06,2.3307899005971637
0.004325362533775447,8.53200704226551e-06,2.330681601623364
0.004381784672812646,8.6440170269938e-06,2.330571899866858
0.0044389428097572296,8.757506937025495e-06,2.3304607772882906
0.004496846545324959,8.872496573367047e-06,2.33034821561975
0.004555505605468025,8.989006008196107e-06,2.330234196361957
0.004614929843008666,9.107055589661932e-06,2.3301187007814295
0.004675129239294155,9.226665944498742e-06,2.330001709907614
0.004736113905873325,9.347857983065173e-06,2.329883204529977
0.004797894086194986,9.47065290288243e-06,2.3297631651950743
0.004860480157328492,9.595072193023356e-06,2.3296415722035766
0.004923882631706742,9.72113763820442e-06,2.3295184056072715
0.004988112158891949,9.848871323120019e-06,2.32939364520602
0.005053179527364411,9.978295636430914e-06,2.329267270544692
0.005119095666334623,1.010943327586851e-05,2.329139260910057
0.005185871647579031,1.0242307252026335e-05,2.3290095953276415
0.005253518687299741,1.0376940893273338e-05,2.328878252558559
0.005322048148008465,1.0513357850195063e-05,2.328745211096292
0.005391471540435065,1.0651582100311383e-05,2.3286104491634516
0.005461800525460982,1.0791637952675433e-05,2.328473944708488
0.005533046916077868,1.093355005336738e-05,2.3283356754023754
0.0056052226793718175,1.1077343389273238e-05,2.3281956186352564
0.005678339938533429,1.1223043294225658e-05,2.328053751513044
0.005752410974894112,1.1370675453253482e-05,2.3279100508539954
0.005827448229988962,1.152026590821601e-05,2.3277644931852435
0.005903464307646509,1.1671841062519295e-05,2.327617054739288
0.00598047197610579,1.182542768717528e-05,2.327467711450454
0.006058484170160976,1.1981052925212274e-05,2.3273164389513075
0.006137513993333999,1.2138744298164352e-05,2.3271632125690336
0.00621757472007553,1.229852971105052e-05,2.327008007321777
0.006298679797994645,1.246043745786653e-05,2.3268507979149415
0.006380842850117596,1.2624496228276899e-05,2.3266915587374455
0.006464077677176037,1.2790735112033721e-05,2.326530263857947
0.006548398259925101,1.2959183606344183e-05,2.3263668870210203
0.006633818761491695,1.312987162070207e-05,2.3262014016432966
0.006720353529753481,1.3302829484209712e-05,2.3260337808095577
0.00680801709974883,1.3478087950402426e-05,2.325863997268795
0.006896824196118247,1.3655678204907922e-05,2.3256920234302245
0.0069867897355776355,1.3835631871325795e-05,2.325517831359259
0.007077928829423799,1.4017981017417374e-05,2.3253413927734354
0.007170256786072689,1.4202758162411592e-05,2.3251626790383098
0.007263789113630697,1.4389996283422052e-05,2.3249816611632963
0.007358541522499518,1.4579728822377387e-05,2.3247983097974725
0.007454529928014992,1.4771989692729716e-05,2.3246125952253363
0.007551770453120364,1.496681328727993e-05,2.324424487362524
0.007650279431074417,1.5164234484584643e-05,2.3242339557514815
0.00775007340819493,1.536428865689477e-05,2.3240409695570863
0.007851169146637929,1.5567011677331128e-05,2.3238454975622402
0.00795358362721316,1.5772439927369416e-05,2.323647508163397
0.008057334052236359,1.5980610304995502e-05,2.323446969366064
0.008162437848418648,1.6191560232327476e-05,2.323243848780245
0.008268912669793675,1.6405327662747283e-05,2.323038113615844
0.008376776400682925,1.6621951090879304e-05,2.322829730678024
0.008486047158699668,1.684146955921364e-05,2.322618666362517
0.008596743297792189,1.7063922667057468e-05,2.3224048866508875
0.008708883411326617,1.728935057945207e-05,2.322188357105753
0.008822486335210026,1.7517794034871398e-05,2.3219690428659554
0.00893757115105424,1.7749294355177337e-05,2.3217469086416846
0.009054157189380947,1.7983893454009555e-05,2.3215219187095575
0.009172264032868586,1.82216338455541e-05,2.3212940369076476
0.009291911519641606,1.8462558654807202e-05,2.3210632266304723
0.009413119746602644,1.8706711626322943e-05,2.3208294508239233
0.009535909072808102,1.895413713391988e-05,2.3205926719801564
0.009660300122887884,1.9204880190246932e-05,2.3203528521324346
0.009786313790509612,1.945898645780329e-05,2.3201099528499145
0.009913971241888106,1.97165022576678e-05,2.319863935232394
0.010043293919340621,1.9977474580683656e-05,2.3196147599050043
0.010174303544888443,2.0241951097596162e-05,2.3193623870128603
0.010307022123905517,2.0509980169739376e-05,2.319106776215653
0.010441471948814621,2.0781610860348734e-05,2.3188478866822058
0.010577675602831758,2.1056892944932534e-05,2.318585677084966
0.010715655963759431,2.1335876922754062e-05,2.3183201055944624
0.010855436207829354,2.161861402859279e-05,2.3180511298737057
0.010997039813595321,2.1905156243907265e-05,2.317778707072541
0.01114049056587682,2.2195556309240437e-05,2.317502793821951
0.011285812559754142,2.248986773556002e-05,2.3172233462283103
0.011433030204615563,2.2788144817357006e-05,2.3169403198675935
0.01158216822825731,2.309044264449584e-05,2.3166536697795284
0.01173325168103706,2.3396817115255545e-05,2.3163633504617014
0.01188630594008158,2.3707324949535987e-05,2.3160693158636194
0.01204135671354926,2.4022023701145387e-05,2.3157715193807142
0.012198430044948229,2.4340971772448112e-05,2.315469913848303
0.012357552317510862,2.4664228427449556e-05,2.3151644515354994
0.012518750258625292,2.4991853805293442e-05,2.314855084139072
0.012682050944324718,2.5323908934814206e-05,2.3145417627772553
0.012847481803835346,2.566045574989842e-05,2.314224437983519
0.013015070624183583,2.6001557102408293e-05,2.3139030597002748
0.013184845554863373,2.634727677882209e-05,2.313577577272549
0.01335683511256437,2.6697679514205133e-05,2.313247939441594
0.013531068185961862,2.7052831008949074e-05,2.312914094338464
0.013707574040569109,2.741279794376903e-05,2.31257598947753
0.013886382323652982,2.777764799567423e-05,2.3122335717499607
0.014067523069213788,2.8147449855426568e-05,2.3118867874171416
0.014251026703029978,2.8522273243322322e-05,2.31153558210406
0.014436924047768706,2.8902188926536154e-05,2.3111799007926366
0.014625246328163016,2.928726873708934e-05,2.3108196878150085
0.014816025176256619,2.9677585588055037e-05,2.310454886846772
0.015009292636717039,3.0073213493476056e-05,2.310085440900177
0.015205081172218058,3.0474227585488e-05,2.309711292317273
0.015403423668892425,3.088070413334287e-05,2.3093323827630186
0.01560435344185565,3.12927205628374e-05,2.3089486532183328
0.015807904240801866,3.1710355475384866e-05,2.30856004397312
0.016014110255672658,3.213368866819289e-05,2.3081664946192393
0.01622300612239991,3.256280115406605e-05,2.3077679440434284
0.016434626928723505,3.299777518220656e-05,2.3073643304202034
0.01664900822008489,3.343869425945504e-05,2.3069555912046904
0.01686618600559763,3.388564317198693e-05,2.3065416631254454
0.017086196764095705,3.433870800584715e-05,2.3061224821772077
0.01730907745026083,3.479797617069537e-05,2.305697983613633
0.017534865500829583,3.526353642195508e-05,2.305268101939977
0.01776359884088162,3.573547888353123e-05,2.3048327709057457
0.017995315890209845,3.621389507194541e-05,2.304391923497308
0.018230055569773654,3.6698877920845694e-05,2.303945491930473
0.01846785730823645,3.71905218046041e-05,2.3034934076430296
0.018708761048588353,3.7688922563366476e-05,2.3030356012872546
0.018952807254855333,3.8194177530434954e-05,2.302572002722387
0.019200036918895838,3.870638555521092e-05,2.3021025410070695
0.01945049156728614,3.92256470326818e-05,2.30162714439176
0.019704213268295426,3.975206392900458e-05,2.301145740311115
0.019961244638951884,4.0285739809916634e-05,2.3006582553763386
0.020221628852201044,4.08267798679689e-05,2.300164615367511
0.020485409644157376,4.1375290952718084e-05,2.2996647452258885
0.020752631321450585,4.193138159897113e-05,2.299158569046179
0.021023338768667636,4.2495162057301734e-05,2.29864601006879
0.021297577455891975,4.306674432477454e-05,2.298126990672067
0.021575393446340997,4.364624217566322e-05,2.297601432364495
0.021856833404103142,4.423377119400467e-05,2.2970692557768975
0.022141944601976028,4.482944880608858e-05,2.296530380654609
0.022430774929406688,4.5433394312754754e-05,2.2959847258496295
0.022723372900535475,4.6045728924755175e-05,2.295432209312783
0.023019787662344828,4.666657579600837e-05,2.2948727480858397
0.023320069002914435,4.729606006001809e-05,2.2943062582936493
0.023624267359783978,4.793430886574957e-05,2.2937326551362545
0.023932433828424988,4.8581451413807174e-05,2.293151852881006
0.024244620170823284,4.923761899488368e-05,2.292563764854668
0.024560878824173266,4.990294502775916e-05,2.291968303435525
0.024881262909685693,5.057756509915683e-05,2.291365380045493
0.025205826241510285,5.126161700268223e-05,2.290754905142228
0.025534623335774803,5.195524078104699e-05,2.2901367882112407
0.025867709419741994,5.2658578767859095e-05,2.289510937758028
0.026205140441085913,5.3371775628739697e-05,2.2888772613002
0.026546973077289406,5.409497840682939e-05,2.288235665359634
0.026893264745164056,5.4828336566769826e-05,2.2875860554546366
0.02724407361049435,5.557200204020926e-05,2.2869283360921298
0.027599458597807606,5.632612927201149e-05,2.286262410759853
0.02795947940027146,5.709087526874886e-05,2.2855881819185955
0.02832419648972036,5.7866399646708025e-05,2.2849055509944503
0.02869367112681281,5.865286468161093e-05,2.2842144183711075
0.02906796537132128,5.945043535967853e-05,2.283514683382172
0.029447142092556167,6.025927942997627e-05,2.2828062443035266
0.029831264979925845,6.107956745584532e-05,2.2820889983457295
0.03022039855363435,6.191147287127996e-05,2.2813628416464646
0.030614608175518792,6.275517203558897e-05,2.280627669263032
0.03101396006002796,6.361084428914871e-05,2.279883375164891
0.03141852128534418,6.447867201324598e-05,2.279129852226265
0.03182835980465035,6.535884068735184e-05,2.2783669922188
0.03224354445754382,6.625153895202672e-05,2.277594685804291
0.032664144981599266,6.715695866900526e-05,2.2768128225274693
0.03309023202408224,6.80752949860365e-05,2.2760212908088735
0.03352187715381575,6.900674640056317e-05,2.2752199779377857
0.03395915287320145,6.995151482764554e-05,2.2744087700652558
0.034402132630397625,7.090980566611005e-05,2.2735875521972058
0.03485089083165624,7.188182786929593e-05,2.272756208187632
0.03530550285382068,7.286779401587111e-05,2.271914620731896
0.03576604505698668,7.386792038270236e-05,2.2710626713601214
0.03623259479732824,7.488242701844014e-05,2.2702002404306882
0.03670523044009111,7.59115378206988e-05,2.2693272071238457
0.03718403137275551,7.695548061436808e-05,2.26844344943544
0.037669078018370654,7.801448722915321e-05,2.2675488441707583
0.03816045184906329,7.908879358430301e-05,2.266643266938505
0.0386582353997223,8.017863976975195e-05,2.265726592144909
0.03916251228186197,8.128427013335422e-05,2.2647986929879718
0.039673367197665885,8.240593336749661e-05,2.26385944145186
0.0401908859542143,8.354388259916855e-05,2.2629087083014428
0.0407151554778969,8.469837548209036e-05,2.2619463630769996
0.04124626382901352,8.586967429025673e-05,2.260972274089077
0.041784300216565595,8.705804601519971e-05,2.2599863084135308
0.04232935501324025,8.826376246327518e-05,2.258988331886733
0.04288151977059007,8.948710035808289e-05,2.257978209100972
0.04344088723441068,9.072834144299283e-05,2.256955803400036
0.04400755136031918,9.198777258839496e-05,2.2559209768750055
0.044581607329535575,9.326568589887307e-05,2.2548735903602406
0.045163151564870066,9.456237882613118e-05,2.2538135034295923
0.0457522817469191,9.587815428174746e-05,2.252740574392826
0.04634909683047247,9.721332075448399e-05,2.251654660292277
0.046953697061134524,9.856819243062187e-05,2.2505556168997494
0.04756618399216213,9.99430893159544e-05,2.2494432987136492
0.04818666050152242,0.00010133833736248089,2.248317558956382
0.04881523080917296,0.0001027542685969187,2.247178249572003
0.04945200049456718,0.00010419122125285459,2.2460252212241456
0.05009707651438851,0.00010564953990610662,2.244858323294224
0.05075056722051548,0.00010712957561505465,2.243677403879931
0.05141258237822143,0.00010863168606137695,2.2424823097940236
0.05208323318461141,0.00011015623569822627,2.2412728865634284
0.052762632287299806,0.00011170359589839646,2.2400489784286504
0.053450893803331456,0.00011327414510863531,2.2388104283435197
0.05414813333834952,0.00011486826900756538,2.237557077975266
0.05485446800601366,0.00011648636066824848,2.2362887677049472
0.0555700164476712,0.00011812882072232553,2.2350053366282236
0.056294898852285113,0.00011979605753213132,2.2337066225565105
0.057029236976621774,0.00012148848736441471,2.2323924620185007
0.05777315416570228,0.00012320653456949915,2.231062690262076
0.05852677537352037,0.00012495063176649033,2.229717141256622
0.05929022718403054,0.0001267212200308718,2.2283556476957465
0.06006363783241024,0.00012851874908907724,2.2269780410004225
0.060847137226599096,0.00013034367751691613,2.2255841513225643
0.06164085696911933,0.00013219647294506636,2.224173807549046
0.06244493037918053,0.00013407761226697125,2.2227468373061776
0.06325949251507322,0.00013598758185602878,2.2213030669646456
0.06408468019685416,0.00013792687778546635,2.2198423216449368
0.06492063202932757,0.00013989600605625552,2.218364425223251
0.06576748842532644,0.00014189548283025138,2.2168692003379236
0.06662539162929723,0.0001439258346689312,2.2153564683963554
0.0674944857411924,0.00014598759878065704,2.2138260495824786
0.06837491674067439,0.00014808132327334965,2.2122777628647703
0.06926683251163565,0.00015020756741372873,2.210711426004806
0.07017038286703829,0.00015236690189451304,2.2091268555663954
0.07108571957407768,0.00015455990910934138,2.207523866925295
0.07201299637967463,0.00015678718343288203,2.2059022742795134
0.07295236903629974,0.0001590493315143108,2.2042618906602294
0.07390399532813488,0.0001613469725701854,2.2026025279433297
0.07486803509757564,0.00016368073869501922,2.2009239968615844
0.07584465027207991,0.0001660512751738298,2.199226107017471
0.07683400489136635,0.00016845924080634539,2.197508666896661
0.07783626513496762,0.00017090530824026917,2.195771483882193
0.07885159935014337,0.00017339016431348146,2.1940143642693237
0.07988017808015702,0.00017591451040551947,2.1922371132811014
0.08092217409292153,0.00017847906280080603,2.1904395350846477
0.08197776241001874,0.00018108455306056556,2.188621432808185
0.08304712033609743,0.000183731728406527,2.186782608558806
0.08413042748865478,0.00018642135211501543,2.1849228634410154
0.08522786582820607,0.0001891542039238474,2.1830419975760456
0.08633961968884847,0.00019193108044852393,2.18113981012197
0.08746587580922298,0.0001947527956140304,2.179216099294627
0.08860682336388055,0.0001976201810957333,2.177270662389363
0.0897626539950572,0.00020053408677639088,2.17530329580362
0.09093356184486383,0.0002034953812146331,2.1733137950603716
0.09211974358789579,0.00020650495212881626,2.1713019548324373
0.09332139846426765,0.0002095637068930585,2.1692675689676677
0.0945387283130794,0.0002126725730517291,2.167210430515039
0.09577193760631861,0.00021583249884583533,2.165130331751657
0.09702123348320534,0.00021904445375687924,2.1630270642106866
0.09828682578498445,0.0002223094290680097,2.1609004187102303
0.0995689270901726,0.0002256284384401762,2.158750185383161
0.10086775275026427,0.0002290025185077043,2.156576153707925
0.10218352092590381,0.00023243272949165545,2.154378112540338
0.10351645262352951,0.00023592015583104783,2.1521558501463733
0.10486677173249549,0.00023946590683531792,2.149909154235977
0.10623470506267778,0.00024307111735508486,2.147637811997901
0.1076204823825711,0.0002467369484757842,2.145341610135588
0.10902433645788262,0.0002504645882309748,2.1430203349041075
0.1104465030906286,0.00025425525234030447,2.14067377214817
0.11188722115874222,0.0002581101849685319,2.138301707341216
0.11334673265619678,0.0002620306595100104,2.13590392562561
0.11482528273365307,0.000266017979397308,2.1334802118539393
0.11632311973963669,0.000270073478936688,2.1310303506314408
0.11784049526225256,0.0002741985241684929,2.1285541263595564
0.1193776641714437,0.00027839451375770083,2.12605132328064
0.12093488466180063,0.0002826628799117293,2.1235217255238217
0.12251241829593047,0.0002870050893269289,2.1209651171520396
0.12411053004839044,0.0002914226441691977,2.1183812822102572
0.12572948835019515,0.000295917083083726,2.1157700047748644
0.12736956513390435,0.0003004899822385316,2.1131310690042877
0.12903103587929873,0.00030514295640451017,2.1104642591908034
0.1307141796596518,0.0003098776600680557,2.1077693598135814
0.13241927918860452,0.00031469578858379335,2.105046155592942
0.13414662086765303,0.00031959907936390076,2.1022944315458636
0.1358964948342541,0.0003245893131084839,2.0995139730427272
0.137669195010559,0.0003296683150761655,2.09670456586531
0.139465019152783,0.00033483795639893373,2.0938659962660444
0.14128426890121867,0.000340100155443648,2.09099805102853
0.14312724983090186,0.00034545687921504783,2.088100517529322
0.1449942715029378,0.00035091014481137146,2.0851731838009835
0.14688564751649835,0.0003564620209306218,2.0822158385964227
0.14880169556149564,0.0003621146294236629,2.0792282714544994
0.1507427374719441,0.0003678701469096011,2.076210272766922
0.15270909928001808,0.0003737308064403545,2.0731616338464134
0.15470111127081462,0.0003796988992287655,2.0700821469961728
0.15671910803783082,0.00038577677643549755,2.0669716055806093
0.1587634285391642,0.0003919668510197158,2.0638298040973595
0.16083441615444746,0.0003982715996573048,2.0606565382505835
0.16293241874252468,0.0004046935647264462,2.057451605025534
0.1650577886998803,0.00041123535636522544,2.0542148027643936
0.16721088301983053,0.0004178996546043335,2.0509459312433806
0.16939206335248644,0.00042468921157756196,2.0476447917511136
0.17160169606549988,0.0004316068538122988,2.04431118716822
0.17384015230560046,0.00043865548460562736,2.0409449220481934
0.17610780806093737,0.0004458380864880046,2.0375458026994826
0.17840504422423248,0.000453157723778557,2.034113637268796
0.1807322466567581,0.0004606175452347324,2.0306482358256215
0.18308980625314925,0.000468220786805557,2.027149410447938
0.1854781190070613,0.00047597077448321496,2.0236169753091096
0.18789758607768414,0.0004838709272683403,2.0200507467659388
0.19034861385712337,0.0004919247602454256,2.016450543447877
0.192831614038662,0.0005001358877777928,2.0128161863473495
0.1953470036859109,0.0005085080268258525,2.009147498911199
0.19789520530286211,0.0005170450003940238,2.005444307133213
0.20047664690485592,0.0005257507411122946,2.0017064396477053
0.20309176209047347,0.0005346292949590222,1.997933727824149
0.20574099011436758,0.0005436848251313525,1.9941260058628114
0.20842477596104236,0.0005529216160670065,1.9902831108913777
0.2111435704195976,0.0005623440776310339,1.986404883062527
0.21389783015944575,0.0005719567494665357,1.9824911656524324
0.21668801780701788,0.0005817643055234179,1.978541805160155
0.21951460202346995,0.0005917715587737057,1.974556651407892
0.22237805758340262,0.0006019834661158035,1.9705355576420494
0.22527886545460835,0.0006124051334826226,1.9664783806350923
0.2282175128788574,0.000623041821161399,1.9623849807881493
0.23119449345374005,0.0006338989493361085,1.9582552222343084
0.2342103072155742,0.0006449821038605972,1.9540889729425888
0.2372654607233954,0.0006562970422773253,1.9498861048225142
0.24036046714404233,0.0006678497000890198,1.9456464938292668
0.2434958463383523,0.0006796461973024382,1.9413700200693624
0.24667212494848129,0.0006916928452501796,1.9370565679067913
0.24988983648636165,0.0007039961537089141,1.9327060260695916
0.2531495214233165,0.0007165628383293671,1.928318287756783
0.2564517272808402,0.0007293998283906593,1.9238932507456166
0.2597970087225647,0.0007425142748962169,1.9194308174990802
0.263185927647425,0.0007559135590334227,1.9149308952736028
0.26661905328403973,0.0007696053010074113,1.9103933962268964
0.2700969622863238,0.0007835973692757415,1.9058182375258743
0.27362023883034614,0.0007978978902030588,1.90120534145458
0.2771894747124543,0.0008125152581526487,1.8965546355220602
0.28080526944867573,0.00082745814604757,1.8918660525701239
0.2844682303754173,0.000842735516417467,1.8871395308809047
0.28817897275147847,0.0008583566329639066,1.8823750142841673
0.29193811986139456,0.0008743310726656685,1.8775724522642765
0.29574630312012873,0.0008906687384621531,1.8727318000667652
0.299604162179128,0.0009073798725375933,1.8678530188044193
0.30351234503376595,0.0009244750702465683,1.8629360755627986
0.3074715081321835,0.0009419652947124641,1.8579809435051273
0.3114823164855515,0.0009598618921372177,1.8529876019764608
0.3155454437797709,0.0009781766078669307,1.8479560366070595
0.3196615724886301,0.000996921603250712,1.842886239414878
0.323831393988439,0.0010161094733417183,1.8377782089070855
0.32805560867415634,0.001035753265489116,1.8326319501805455
0.3323349260770354,0.0010558664988740386,1.8274474750211431
0.336670064983801,0.00107646318504248,1.8222248020018994
0.3410617535573825,0.0010975578494983448,1.8169639565797657
0.34551072945922184,0.0011191655544182321,1.811664971191018
0.3500177399731767,0.001141301922555531,1.8063278853451499
0.3545835421310404,0.0011639831624072736,1.800952745717185
0.359208902839697,0.001187226094724298,1.7955396062383107
0.3638945990099393,0.0012110481804430485,1.790088528184736
0.36864141768696324,0.0012354675501338598,1.7845995802646872
0.3734501561825661,0.0012605030350544672,1.7790728387034407
0.37832162220906923,0.0012861741999250379,1.7735083873263078
0.38325663401498766,0.0013125013775157222,1.7679063176394607
0.3882560205224695,0.001339505705184249,1.76226672890852
0.3933206214665267,0.0013672091634809305,1.7565897282348046
0.3984512875360854,0.0013956346169584273,1.7508754306291345
0.4036488805168728,0.001424805857340492,1.7451239590831178
0.40891427343616965,0.0014547476492000311,1.7393354446377993
0.41424835070945026,0.0014854857783281209,1.7335100264495982
0.419652008288936,0.0015170471029663252,1.7276478518534208
0.4251261538140864,0.001549459608120251,1.721749076422874
0.43067170676405186,0.0015827524631459962,1.7158138640274703
0.43628959861211836,0.0016169560828702923,1.7098423868867407
0.44198077298216365,0.00165210219247081,1.7038348256211606
0.44774618580715564,0.0016882238964098923,1.6977913692998006
0.4535868054897181,0.0017253557517068357,1.6917122154846136
0.45950361306479126,0.0017635338458743515,1.6855975702712622
0.465497602364414,0.0018027958798633216,1.679447648326415
0.47156978018465395,0.0018431812564037474,1.6732626729214117
0.47772116645471907,0.0018847311741432323,1.667042875962223
0.483952794408271,0.0019274887280345786,1.6607884980156187
0.49026571075697545,0.001971499016468262,1.6544997883314738
0.4966609758663157,0.0020168092556688603,1.6481770048611224
0.5031396639336997,0.0020634689019441905,1.641820414271694
0.5097028631688908,0.002111529782421025,1.6354302919563553
0.5163516759767901,0.0021610462349595616,1.6290069220403927
0.5230872191426074,0.0022120752580021157,1.6225505973830583
0.5299106240194432,0.002264676671194978,1.616061619575124
0.5368230367183198,0.0023189132876887337,1.6095402989320835
0.5438256183006906,0.002374851099121041,1.6029869544829285
0.5509195449734613,0.0024325594743804307,1.5964019139544645
0.5581060082865547,0.002492111373368186,1.589785513751099
0.5653862153330503,0.0025535835770771963,1.5831380989300587
0.5727613889519407,0.0026170569354831046,1.5764600231719907
0.580232767933526,0.0026826166348439453,1.569751648746907
0.5878016072274912,0.002750352486229831,1.563013346475429
0.5954691781536976,0.00282035923725642,1.5562454956853118
0.6032367686157227,0.0028927369092300818,1.549448484163201
0.6111056833171874,0.0029675911621534538,1.5426227081016044
0.619077243980901,0.003045033690312473,1.5357685720410708
0.6271527895708722,0.0031251826514692065,1.528886488807525
0.6353336765172084,0.0032081631330385927,1.5219768794447874
0.6436212789439534,0.003294107659016648,1.5150401731422338
0.6520169888998951,0.0033831567418742916,1.5080768071576183
0.6605222165923853,0.0034754594841327636,1.501087226735041
0.6691383906242087,0.00357117423492133,1.494071885018081
0.6778669582335399,0.003670469307456515,1.4870312429580943
0.6867093855370363,0.0037735237641449916,1.4799657692176966
0.6956671577760956,0.0038805282768497426,1.4728759400694484
0.7047417795663286,0.003991686070865978,1.4657622392897747
0.7139347751502866,0.004107213962226828,1.4586251580481335
0.723247688653484,0.004227343499320981,1.4514651947914878
0.7326820843437625,0.004352322221223644,1.4442828551241025
0.7422395468940346,0.0044824150469249145,1.4370786516827228
0.7519216816484615,0.004617905811598871,1.429853104007174
0.7617301148920961,0.004759098968395885,1.422606738406451
0.7716664941240468,0.004906321476939001,1.41534008782034
0.7817324883342042,0.005059924902851894,1.4080536916766502
0.7919297882835773,0.005220287756355433,1.400748095744117
0.8022601067882872,0.005387818102282248,1.3934238519810527
0.8127251790072619,0.005562956478994015,1.386081518379829
0.8233267627336912,0.00574617916968889,1.3787216588072628
0.8340666386902761,0.005938001876741532,1.3713448428410036
0.8449466108283331,0.006138983858225606,1.3639516456020162
0.8559685066307999,0.006349732595857709,1.3565426475832483
0.8671341774191932,0.0065709090757704635,1.3491184344745886
0.8784454986645714,0.006803233778049796,1.3416795969842241
0.88990437030255,0.007047493488543581,1.334226730656505
0.901512717052434,0.007304549067720224,1.3267604356864287
0.9132724887405052,0.007575344337192439,1.3192813167308692
0.9251856606275304,0.007860916276078706,1.3117899827166666
0.937254233740542,0.008162406758116263,1.3042870466457055
0.9494802352089448,0.00848107610813613,1.2967731253971166
0.9618657186050096,0.00881831881562549,1.289248839526728
0.9744127642888026,0.00917568181670839,1.2817148130639073
0.9871234797576252,0.009554885848013235,1.2741716733059345
1.0,0.009957850491938515,1.266620050610044
1.013044487854282,0.010386723679869835,1.2590605781832889
1.0262591343719443,0.010843916607342973,1.2514938918703702
1.039646159185605,0.011332145255858872,1.2439206299395844
1.0532078108818534,0.011854480027284543,1.2363414328670397
1.0669463673789366,0.012414405402234107,1.2287569431193044
1.0808641363093812,0.013015892066496995,1.2211678049346308
1.0949634554075978,0.01366348465513537,1.2135746641029281
1.1092466929025449,0.014362409207281955,1.2059781677446366
1.1237162479155143,0.015118705698237568,1.1983789640886664
1.1383745508631076,0.015939392752959327,1.1907777022495631
1.153224063865466,0.016832674042048815,1.1831750320040697
1.1682672811598247,0.017808199208253984,1.1755716035672414
1.183506729519469,0.018877396906014,1.1679680673682813
1.1989449686781466,0.02005390432845541,1.1603650738262654
1.2145845917600209,0.02135412748950876,1.1527632731259225
1.2304282257152324,0.022797981181136948,1.1451633149936258
1.2464785317611404,0.02440987962395165,1.1375658484737732
1.262738205829323,0.026220082830156078,1.12997152170571
1.2792099790184013,0.028266557176993688,1.1223809817013715
1.295896618052783,0.030597594888337337,1.114794874123787
1.3128009257473774,0.03327557990835945,1.1072138430666276
1.3299257414783792,0.03638253154579933,1.0996385308349494
1.3472739416601907,0.040028488614941994,1.0920695777272882
1.3648484402285674,0.044364590628143595,1.084507621819266
1.382652189130066,0.04960424221613004,1.0769532987488617
1.4006881788178693,0.05605885714590329,1.0694072415035096
1.4189594387540954,0.06420141913308258,1.0618700802091492
1.4374690379186417,0.0747868789831696,1.0543424419214098
1.4562200853246776,0.08909906630077163,1.046824950419048
1.4752157305408569,0.10951214650033891,1.0393182259997902
1.4944591642203426,0.140960124200939,1.0318228852787228
1.5139536186367366,0.19566000513119822,1.0243395409893548
1.5337023682269897,0.31440863018131865,1.0168688017875034
1.5537087301414099,0.7678834702346731,1.00941127205811
1.5739760648008312,1.905161408877364,1.0019675517251343
1.594507776461056,0.43443430143680595,0.9945382360646291
1.6153073137846603,0.24817119001452312,0.9871239155211294
1.636378170420257,0.17517208144526894,0.9797251755274591
1.6577238855893177,0.13623411802061097,0.9723425963280683
1.6793480446806406,0.11204181670055945,0.9649767528060156
1.7012542798525891,0.09556275983043003,0.9576282143136761
1.7234462706431712,0.08362313619958599,0.9502975445072954
1.7459277445880836,0.07458050947843874,0.9429853011854696
1.7687024778468166,0.06749962296238686,0.9356920361316364
1.7917742958369276,0.061808778982742986,0.9284182949606729
1.8151470738765887,0.057138831375250644,0.9211646169696656
1.8388247378355072,0.05324078133960378,0.9139315349929349
1.8628112647943555,0.049940575732844966,0.9067195752613812
1.887110683712785,0.04711288422557765,0.8995292572662147
1.911727076106162,0.044665166571122544,0.8923610936271321
1.9366645767311306,0.042527608240770884,0.8852155899649908
1.9619273742801178,0.04064654858515037,0.8780932447790359
1.9875197120849,0.03898006486113346,0.8709945493287178
2.013445888829337,0.037494929803761026,0.8639199875201498
2.039710259271425,0.03616446887632036,0.8568700357972275
2.0663172349747456,0.03496702139256838,0.849845163037455
2.093271285049467,0.03388481587079345,0.8428458304524974
2.1205769369030114,0.0329031351195833,0.8358724914934744
2.1482387770005134,0.03200968755960349,0.8289255917610221
2.176261451635196,0.03119412769768763,0.822005568920125
2.204649667708793,0.030447686040070494,0.8151128526197369
2.233408193522167,0.029762880373237818,0.8082478644171728
2.2625418595762206,0.02913328827911156,0.8014110177072921
2.2920555593832668,0.02855336625032126,0.7946027176564541
2.3219542502889814,0.028018304636294195,0.7878233611412337
2.352242954305074,0.027523910404419597,0.7810733366918898
2.382926758952829,0.027066511686367076,0.7743530244405559
2.4140108181176325,0.02664287952877055,0.7676627960741456
2.445500352914673,0.026250163336169342,0.7610030147919241
2.4774006525659105,0.025885837290269005,0.7543740352677327
2.5097170752884965,0.025547655628304706,0.7477762036168238
2.542455049194781,0.02523361511751931,0.741209857367263
2.57562007320406,0.024941923410180863,0.7346753254358648
2.6092177179662177,0.024670972231479595,0.7281729281086059
2.643253626797405,0.024419314560633607,0.7217029770254804
2.6777335166279506,0.0241856451282317,0.7152657751697241
2.712663178962607,0.02396878368090318,0.7088616168613734
2.7480484808533427,0.023767660565851896,0.702490787755085
2.7838953658848116,0.023581304268590574,0.6961535648421617
2.820209855172688,0.023408830602015106,0.6898502164567203
2.856998048375017,0.023249433297088107,0.6835810022859273
2.8942661247167516,0.023102375787682244,0.6773461733842451
2.932020344027679,0.02296698401647207,0.6711459721916021
2.9702670477938553,0.022842640116886016,0.6649806325554274
3.009012660222776,0.02272877684917681,0.6588503797564647
3.0482636893224324,0.0226248726876756,0.6527554305382868
3.088026727994447,0.022530447472109392,0.6466959931404388
3.1283084551414717,0.02244505854882551,0.6406722673351168
3.169115636789012,0.022368297338822788,0.6346844444673144
3.210455127221921,0.022299786278517746,0.6287327074983321
3.2523338701356845,0.022239176086910138,0.6228172310525816
3.294758899802739,0.022186143319279733,0.6169381814675918
3.3377373422540026,0.022140388172991667,0.6110957168471227
3.3812764164758184,0.022101632515664327,0.6052899871173055
3.42538343562251,0.022069618109877273,0.5995211340857134
3.4700658082447466,0.022044105011985175,0.5937892915032831
3.5153310395339536,0.022024870125458135,0.5880945851289742
3.5611867325829345,0.022011705891687747,0.5824371327971001
3.6076405896629424,0.02200441910327251,0.5768170444872207
3.654700413517415,0.022002829826661442,0.5712344223965081
3.702374108672582,0.02200677042262657,0.565689361014504
3.750669682765173,0.022016084654357632,0.5601819472001526
3.799595247887426,0.022030626874244258,0.554712260261047
3.849159021949681,0.02205026128136048,0.5492803720347651
3.8993693300607033,0.02207486124264116,0.5438863469722298
3.950234605926039,0.022104308671487487,0.538530242222986
4.001763393264605,0.022138493458244004,0.5332121077223059
4.053964347243755,0.022177312947606748,0.5279319862800369
4.106846235933072,0.02222067145853099,0.5226899136710947
4.160417941777105,0.022268479842699074,0.5174859187275215
4.214688463087352,0.022320655078009007,0.5123200234320058
4.269666915553677,0.022377119893928543,0.5071922430127966
4.325362533775446,0.022437802425841258,0.5021025860399022
4.381784672812646,0.02250263589586194,0.49705105452250714
4.438942809757229,0.02257155831779806,0.4920376440075131
4.4968465453249635,0.022644512224178952,0.4870623436791163
4.555505605468025,0.02272144441349005,0.48212513645934796
4.614929843008666,0.02280230571591733,0.4772259991094931
4.675129239294155,0.022887050776051156,0.47236490233230144
4.736113905873325,0.022975637851187187,0.4675418108749208
4.797894086194986,0.023068028623943703,0.462756683632473
4.860480157328487,0.02316418802804915,0.45800947375218715
4.923882631706742,0.02326408408627996,0.45330012873803155
4.9881121588919495,0.023367687759573517,0.44862859055575893
5.053179527364412,0.023474972806474995,0.4439947957382976
5.119095666334622,0.023585915652107294,0.4393986754914164
5.185871647579031,0.023700495265972957,0.4348401557996005
5.25351868729974,0.023818693047900907,0.4303191575320664
5.322048148008465,0.023940492721554178,0.4258355965488467
5.39147154043507,0.024065880234939885,0.4213893838068945
5.461800525460982,0.0241948436674194,0.41698042546613157
5.533046916077868,0.02432737314274946,0.4126086229953855
5.605222679371818,0.024463460747730717,0.40827387327815884
5.678339938533428,0.02460310045607578,0.4039760687181718
5.7524109748941115,0.02474628805712532,0.3997150973446203
5.827448229988955,0.024893021089091586,0.3954908429171023
5.903464307646509,0.0250432987765167,0.3913031850301539
5.9804719761057905,0.02519712197166407,0.38715199921734755
6.058484170160976,0.025354493099580107,0.3830371570549054
6.137513993333999,0.025515416106592994,0.37895852626477783
6.21757472007553,0.02567989641201882,0.37491597081714895
6.298679797994645,0.025847940862864998,0.3709093510323095
6.380842850117597,0.0260195576913531,0.3669385236818802
6.464077677176044,0.02619475647507166,0.3630033420893173
6.548398259925101,0.02637354809960364,0.3591036562296905
6.633818761491694,0.026555944723464203,0.3552393128286649
6.72035352975348,0.026741959745227233,0.351410155460684
6.80801709974883,0.026931607772686647,0.34761602464629515
6.896824196118247,0.02712490459394796,0.3438567579485967
6.986789735577629,0.027321867150323795,0.3401321900687754
7.0779288294238,0.027522513510937697,0.33644215294070345
7.17025678607269,0.027726862848929352,0.3327864758245638
7.263789113630697,0.027934935419174516,0.32916498539948874
7.358541522499518,0.028146752537430434,0.32557750585517414
7.454529928014992,0.028362336560828268,0.32202385898245334
7.551770453120364,0.02858171086963909,0.31850386426280974
7.650279431074417,0.02880489985023905,0.3150173389568045
7.750073408194938,0.02903192887921251,0.3115640981913977
7.85116914663793,0.029262824308530652,0.30814395504615416
7.953583627213161,0.029497613451747895,0.3047567206383108
8.057334052236358,0.029736324571160277,0.30140220420668773
8.162437848418646,0.029978986865882965,0.2980802131944388
8.268912669793675,0.030225630460788532,0.2947905533306201
8.376776400682916,0.030476286396271868,0.2915330287105686
8.486047158699668,0.030730986618792783,0.28830744187508034
8.59674329779219,0.030989763972164443,0.28511359388838
8.708883411326617,0.03125265218954103,0.28195128441486794
8.822486335210025,0.03151968588608274,0.27882031179465006
8.93757115105424,0.03179090055225459,0.2757204731178277
9.054157189380946,0.032066332547730995,0.27265156429756016
9.172264032868586,0.03234601909588444,0.2696133801418779
9.291911519641616,0.032629998278822,0.26660571442426134
9.413119746602643,0.03291830903294788,0.26362835995297057
9.535909072808101,0.03321099114502927,0.2606811086391275
9.660300122887884,0.033508085248739,0.25776375156355086
9.786313790509611,0.03380963282165771,0.25487607904234905
9.913971241888106,0.03411567618271367,0.2520178806912645
10.043293919340625,0.034426258490035645,0.24918894548877318
10.174303544888447,0.034741423739209576,0.2463890618379476
10.307022123905522,0.03506121676191902,0.24361801762708116
10.441471948814621,0.0353856832249466,0.2408756002890786
10.577675602831759,0.03571486962952904,0.23816159685962043
10.715655963759431,0.03604882331104716,0.23547579403410424
10.855436207829355,0.03638759243903897,0.23281797822336892
10.997039813595316,0.03673122601751877,0.23018793560821063
11.140490565876815,0.03707977388559494,0.22758545219269624
11.285812559754136,0.03743328671836948,0.2250103138562799
11.433030204615552,0.0377918160281113,0.2224623064047358
11.582168228257297,0.03815541416569142,0.21994121561991364
11.733251681037073,0.03852413432226837,0.21744682730832052
11.886305940081593,0.0388980305312162,0.21497892734855423
12.041356713549266,0.03927715767028279,0.2125373017375769
12.198430044948234,0.03966157146397381,0.21012173663585476
12.35755231751087,0.040051328486148514,0.2077320184113767
12.518750258625293,0.0404464861628212,0.2053679336825435
12.682050944324718,0.040847102775164915,0.20302926935996707
12.847481803835345,0.041253237462698884,0.20071581268716296
13.015070624183583,0.041664950226665456,0.1984273512801744
13.184845554863367,0.04208230193358046,0.1961636731661186
13.356835112564363,0.042505354318950944,0.19392456682068288
13.531068185961855,0.04293416999115931,0.19170982120457394
13.707574040569096,0.04336881243550149,0.18951922579894187
13.886382323652969,0.04380934601837763,0.18735257063978306
14.067523069213802,0.04425583599162394,0.1852096463513414
14.251026703029993,0.04470834849698668,0.1830902441785214
14.436924047768713,0.045166950570728504,0.18099415601832422
14.625246328163023,0.04563171014836098,0.17892117445032
14.816025176256625,0.046102696069501785,0.1768710927661753
15.00929263671704,0.046579978082848465,0.17484370499824414
15.205081172218057,0.04706362685126569,0.1728388059472413
15.403423668892426,0.04755371395697863,0.17085619120900722
15.60435344185565,0.04805031190687052,0.16889565720038585
15.807904240801859,0.048553494137878725,0.16695700118422083
16.014110255672648,0.049063335022483445,0.16504002129349135
16.2230061223999,0.04957990987428678,0.1631445165546021
16.43462692872349,0.05010329495367572,0.1612702869098373
16.649008220084877,0.050633567473565906,0.1594171332389927
16.866186005597648,0.051170805605222455,0.15758485738020833
17.086196764095725,0.051715088484151066,0.1557732621500099
17.30907745026084,0.0522664962160584,0.15398215136256718
17.534865500829593,0.05282510988287366,0.15221132984820074
17.76359884088163,0.053391011548834376,0.1504606034711358
17.995315890209845,0.05396428426662025,0.14872977914652183
18.230055569773654,0.054545012083544654,0.147018664856737
18.46785730823645,0.05513328004779051,0.1453270696669858
18.70876104858835,0.0557291742146871,0.14365480374020426
18.952807254855323,0.056332781653030156,0.1420016783512933
19.20003691889583,0.05694419045143424,0.1403675059006816
19.45049156728613,0.057563489724713014,0.1387520999272487
19.704213268295405,0.058190769620292584,0.13715527512060233
19.961244638951865,0.05882612132464124,0.13557684733274394
20.221628852201064,0.05946963706972218,0.13401663358911894
20.485409644157397,0.060121410139453026,0.1324744520990728
20.752631321450597,0.06078153487618522,0.13095012226572805
21.023338768667646,0.06145010668718172,0.12944346469529053
21.297577455891986,0.06212722205109638,0.12795430120579984
21.575393446340996,0.06281297852445596,0.12648245483533888
21.856833404103146,0.06350747474812503,0.1250277498497105
22.14194460197603,0.06421081045376921,0.12359001174959831
22.430774929406688,0.0649230864702952,0.12216906727722143
22.723372900535466,0.0656444047302726,0.1207647444224988
23.019787662344818,0.06637486827632956,0.11937687242872937
23.320069002914423,0.06711458126751806,0.11800528179780616
23.624267359783953,0.06786364898564444,0.11664980429497133
23.932433828424966,0.06862217784156005,0.11531027295312979
24.244620170823307,0.06939027538140805,0.11398652207672562
24.56087882417329,0.07016805029281839,0.11267838724519996
24.881262909685706,0.07095561241105049,0.11138570531603076
25.205826241510294,0.07175307272507515,0.1101083144273854
25.534623335774818,0.07256054338359066,0.10884605400037115
25.867709419741992,0.07337813770096864,0.10759876474091618
26.20514044108591,0.07420597016312755,0.10636628864128182
26.546973077289408,0.07504415643331763,0.10514846898121316
26.893264745164057,0.07589281335782684,0.10394515032875108
27.244073610494336,0.07675205897158865,0.1027561785406978
27.59945859780759,0.07762201250369578,0.1015814007627691
27.959479400271448,0.07850279438280339,0.10042066542941351
28.324196489720332,0.07939452624242938,0.09927382226334071
28.69367112681278,0.08029733092613438,0.098140722274742
29.06796537132131,0.08121133249257631,0.09702121776022476
29.447142092556195,0.08213665622044207,0.09591516230147355
29.83126497992586,0.08307342861323973,0.09482241076363133
30.220398553634364,0.08402177740394848,0.09374281929343237
30.614608175518807,0.08498183155952042,0.09267624531706983
31.01396006002796,0.0859537212852278,0.09162254753783139
31.418521285344177,0.08693757802884548,0.09058158593349253
31.828359804650347,0.0879335344846648,0.08955322175348529
32.24354445754382,0.08894172459732949,0.08853731751585026
32.66414498159925,0.08996228356548873,0.08753373700397389
33.090232024082226,0.09099534784525541,0.08654234526312797
33.52187715381573,0.09204105515346765,0.08556300859680945
33.95915287320141,0.09309954447074319,0.08459559456289852
34.40213263039759,0.09417095604431343,0.08363997196962987
34.85089083165627,0.09525543139063986,0.08269601087139827
35.30550285382072,0.09635311329779676,0.08176358256439228
35.7660450569867,0.09746414582761312,0.08084255958207583
36.23259479732826,0.09858867431756568,0.07993281569051369
36.70523044009112,0.0997268453824182,0.07903422588355309
37.18403137275551,0.10087880691558943,0.0781466663778719
37.669078018370655,0.10204470809025137,0.07727001460788784
38.160451849063286,0.10322469936013956,0.07640414922054854
38.6582353997223,0.10441893246007262,0.07554895007000019
39.16251228186195,0.10562756040616736,0.07470429821214603
39.67336719766586,0.10685073749574289,0.07387007589909413
40.19088595421428,0.10808861930690168,0.07304616657351032
40.71515547789686,0.1093413626977795,0.07223245486287075
41.24626382901348,0.11060912580545315,0.07142882657363099
41.78430021656564,0.1118920680444958,0.07063516868530673
42.329355013240296,0.11319035010517003,0.06985136934448118
42.881519770590096,0.11450413395124871,0.0690773178587375
43.4408872344107,0.11583358281745113,0.06831290469052587
44.007551360319205,0.11717886120648492,0.06755802145096677
44.58160732953557,0.11854013488568496,0.06681256089360044
45.16315156487006,0.11991757088322921,0.06607641690808246
45.7522817469191,0.12131133748393674,0.0653494845138371
46.34909683047247,0.1227216042246182,0.06463165985366126
46.953697061134505,0.12414854188897737,0.06392284018729923
47.5661839921621,0.12559232250205626,0.06322292388498642
48.1866605015224,0.1270531193241963,0.06253181042095533
48.81523080917291,0.1285311068445208,0.06184940036693158
49.45200049456713,0.13002646077391525,0.061175595385603576
50.097076514388554,0.13153935803749933,0.06051029822408333
50.75056722051553,0.13306997676657234,0.05985341270735418
51.41258237822146,0.1346184962900265,0.05920484373171673
52.08323318461144,0.13618509712521154,0.05856449725823483
52.76263228729983,0.1377699609682341,0.05793228030618238
53.450893803331454,0.13937327068368796,0.05730810094649956
54.148133338349524,0.14099521029379583,0.0566918682952656
54.854468006013654,0.14263596496694717,0.056083492507180546
55.57001644767119,0.14429572100562724,0.05548288476907249
56.29489885228509,0.14597466583371796,0.05488995729343182
57.029236976621746,0.14767298798315492,0.05430462331196701
57.77315416570225,0.14939087707993456,0.0537267970691999
58.52677537352031,0.15112852382945038,0.05315639381609617
59.29022718403048,0.15288612000115023,0.05259332980373498
60.0636378324103,0.15466385841249666,0.052037522277027744
60.84713722659916,0.1564619329122161,0.05148888946848053
61.640856969119355,0.15828053836283007,0.05094735059201597
62.44493037918056,0.16011987062244307,0.05041282583684737
63.259492515073255,0.16198012652578195,0.0498852363614162
64.08468019685417,0.1638615038644709,0.04936450428739833
64.92063202932756,0.1657642013665227,0.04885055269377168
65.76748842532643,0.16768841867504045,0.04834330561096804
66.62539162929723,0.16963435632610752,0.04784268801509485
67.49448574119236,0.17160221572585724,0.0473486258222438
68.37491674067435,0.17359219912670582,0.046861045882883076
69.26683251163561,0.17560450960273313,0.04637987597634525
70.17038286703823,0.177639351024199,0.04590504480540434
71.08571957407761,0.17969692803118179,0.045436481990960176
72.0129963796747,0.1817774460063228,0.04497411806681976
72.95236903629981,0.18388111104666088,0.04451788447459772
73.90399532813491,0.18600812993455193,0.04406771355871961
74.86803509757567,0.1881587101076465,0.04362353856155504
75.84465027207995,0.1903330596279234,0.04318529361866933
76.83400489136635,0.1925313871497589,0.04275291375420329
77.83626513496762,0.19475390188701966,0.04232633487639633
78.85159935014336,0.1970008135791676,0.04190549377323968
79.88017808015701,0.1992723324563605,0.04149032810828263
80.9221740929215,0.20156866920353828,0.04108077641658713
81.97776241001868,0.20389003492348107,0.04067677810084683
83.04712033609738,0.20623664109882395,0.04027827342765996
84.13042748865469,0.20860869955302053,0.03988520352398256
85.22786582820599,0.21100642241024137,0.039497510373758295
86.33961968884856,0.21343002205418965,0.03911513681472493
87.46587580922306,0.21587971108583467,0.03873802653542535
88.60682336388061,0.2183557022800401,0.0383661240724074
89.76265399505724,0.22085820854108287,0.03799937480764025
90.93356184486387,0.22338744285704817,0.03763772496613885
92.11974358789578,0.22594361825309328,0.0372811216138206
93.32139846426766,0.22852694774356885,0.03692951265558929
94.5387283130794,0.2311376442829877,0.03658284683366667
95.77193760631862,0.23377592071583245,0.036241073726173995
97.02123348320528,0.23644198972519656,0.035904143745983004
98.2868257849844,0.23913606378024257,0.03557200813983248
99.56892709017255,0.24185835508247958,0.035244618987738154
100.86775275026417,0.24460907551084515,0.03492192920269607
102.18352092590371,0.24738843656559192,0.03460389253070407
103.51645262352963,0.2501966493109646,0.034290463551093116
104.86677173249561,0.2530339243166699,0.03398159767721372
106.23470506267789,0.255900471598131,0.033677251157462534
107.62048238257121,0.25879650055552117,0.03337738107667985
109.02433645788261,0.26172221991157696,0.03308194535793893
110.44650309062861,0.2646778376481839,0.03279090276472609
111.88722115874222,0.2676635609417377,0.03250421290355451
113.34673265619678,0.2706795960972726,0.03222183622700394
114.82528273365307,0.2737261484813659,0.03194373403723138
116.3231197396367,0.2768034224538085,0.03166986848995858
117.84049526225256,0.2799116212980536,0.03140020259896671
119.37766417144357,0.28305094715043555,0.03113470024111826
120.93488466180051,0.2862216009281695,0.030873326161938414
122.51241829593035,0.28942378225613047,0.030616045981770847
124.11053004839056,0.29265768939242137,0.03036282620255352
125.72948835019528,0.29592351915273035,0.030113634215230802
127.36956513390447,0.2992214668334919,0.02986843830784522
129.03103587929886,0.30255172613385123,0.02962720767433092
130.7141796596518,0.3059144890764484,0.029389912424067167
132.41927918860452,0.30930994592702454,0.029156523592200195
134.14662086765304,0.3127382851128719,0.028927013150809328
135.8964948342541,0.3161996931401296,0.028701354020939422
137.669195010559,0.319694354509945,0.028479520085546543
139.46501915278301,0.32322245163351354,0.0282614862034263
141.28426890121867,0.32678416474601385,0.028047228224157696
143.12724983090172,0.33037967181945543,0.02783672300413767
144.99427150293766,0.3340091484744555,0.027629948423752104
146.88564751649818,0.3376727678909702,0.027426883405761517
148.8016955614958,0.34137070071799486,0.027227507934969745
150.74273747194428,0.34510311498225926,0.02703180307924192
152.70909928001825,0.3488701759959475,0.026839751011969143
154.70111127081478,0.35267204626345433,0.026651335036043874
156.71910803783084,0.3565088853872219,0.026466539609473504
158.76342853916418,0.36038084997266917,0.02628535037268043
160.83441615444747,0.3642880935322588,0.02610775417765389
162.93241874252467,0.36823076638871927,0.025933739119021026
165.05778869988032,0.3722090155774673,0.02576329456718661
167.21088301983053,0.3762229847482567,0.02559641120366572
169.39206335248645,0.3802728140660948,0.02543308105875269
171.6016960654997,0.38435864011146076,0.025273297551680445
173.84015230560027,0.3884805957798669,0.025117055533433342
176.1078080609372,0.39263881018080504,0.02496435133240018
178.40504422423265,0.3968334085361191,0.024815182803053077
180.7322466567583,0.40106451207784427,0.024669549377855562
183.08980625314945,0.4053322379455699,0.024527452122641888
185.47811900706148,0.40963669908336015,0.024388893795690914
187.89758607768414,0.413978004136289,0.02425387891077473
190.34861385712338,0.41835625734664134,0.024122413804458093
192.831614038662,0.42277155844982783,0.02399450670795819
195.3470036859109,0.42722400257006954,0.02387016782389872
197.8952053028621,0.4317136801159132,0.023749409408344486
200.47664690485593,0.4362406766756242,0.02363224585847074
203.09176209047348,0.4408050729125253,0.023518693806338198
205.74099011436735,0.44540694446033696,0.023408772219221215
208.42477596104214,0.4500463618185849,0.02330250250701141
211.14357041959738,0.4547233902481344,0.023199908637244672
213.89783015944596,0.45943808966692157,0.023101017258364265
216.68801780701813,0.464190514545941,0.02300585783189694
219.51460202347016,0.46898071380557194,0.02291446277424772
222.37805758340284,0.47380873071229535,0.02282686760893462
225.27886545460834,0.4786746027758895,0.022743111130119273
228.21751287885738,0.48357836164716417,0.02266323557840338
231.19449345374005,0.4885200330163162,0.022587286829941523
234.21030721557423,0.49349963651198026,0.02251531460003023
237.2654607233954,0.4985171856010476,0.022447372662446775
240.36046714404233,0.5035726874893384,0.02238351908595562
243.4958463383523,0.5086661430231985,0.022323816489515563
246.67212494848104,0.5137975465921086,0.022268332317924536
249.8898364863614,0.5189668860323852,0.022217139139789725
253.1495214233162,0.524174142532055,0.022170314969934816
256.45172728084043,0.5294192905369883,0.02212794361856258
259.797008722565,0.5347022976583727,0.02209011506978812
263.1859276474253,0.540023124581622,0.02205692589240808
266.61905328404,0.5453817249767953,0.022028479686134098
270.0969622863238,0.5507780454106205,0.022004887566857586
273.6202388303462,0.5562120252602104,0.021986268694983314
277.18947471245434,0.5616835966285568,0.021972750851275532
280.8052694486757,0.5671926842618923,0.02196447106526781
284.4682303754173,0.5727392054690142,0.021961576301884327
288.1789727514785,0.5783230700426534,0.021964224212601316
291.93811986139457,0.5839441801829822,0.021972583958312343
295.7463031201284,0.5896024304233511,0.02198683711195327
299.6041621791277,0.5952977075583455,0.02200717865004628
303.51234503376565,0.6010298905742513,0.022033818043468833
307.4715081321838,0.6067988505820192,0.022066980459207193
311.48231648555185,0.6126044507528172,0.022106908086442716
315.5454437797712,0.6184465462562694,0.02215386160221682
319.6615724886304,0.6243249842014538,0.022208121794022945
323.831393988439,0.630239603580763,0.022269991359300162
328.05560867415636,0.6361902352167083,0.022339796904646297
332.33492607703545,0.642176701711754,0.022417891171066667
336.670064983801,0.6481988174012736,0.022504655515607645
341.0617535573825,0.6542563883097039,0.02260050268442105
345.5107294592218,0.6603492121099931,0.02270587991799336
350.01773997317673,0.666477078086413,0.02282127243576898
354.58354213104,0.6726397671008246,0.022947207355387335
359.2089028396966,0.6788370515624774,0.02308425811101221
363.89459900993893,0.6850686954014137,0.02323304944647042
368.6414176869636,0.691334454045563,0.0233942630723031
373.45015618256645,0.6976340744015895,0.023568644092002138
378.32162220906963,0.7039672948395838,0.02375700832220562
383.25663401498804,0.7103338451816468,0.023960250655307283
388.2560205224695,0.7167334466944516,0.024179354641821596
393.3206214665267,0.7231658120858371,0.02441540350512301
398.4512875360854,0.7296306455055046,0.024669592844721016
403.64888051687285,0.7361276425498772,0.024943245337877278
408.91427343616965,0.742656490271169,0.025237827816055464
414.2483507094503,0.7492168671907373,0.025554971176163992
419.652008288936,0.7558084433167531,0.025896493691058002
425.126153814086,0.7624308801662472,0.026264428416113938
430.6717067640514,0.7690838307915747,0.026661055556843682
436.2895986121179,0.775766939811341,0.0270889408776989
441.9807729821641,0.7824798434458301,0.02755098150971941
447.74618580715605,0.7892221695569581,0.028050460874816448
453.5868054897186,0.7959935376928089,0.028591114916056634
459.5036130647917,0.8027935591367503,0.02917721244543001
465.49760236441404,0.8096218369611731,0.029813653249075495
471.56978018465395,0.8164779660858668,0.030506088703588646
477.721166454719,0.8233615333410513,0.03126107116910408
483.952794408271,0.8302721175350689,0.032086240500551255
490.26571075697547,0.8372092895267528,0.0329905589011412
496.6609758663157,0.8441726123024699,0.033984609396191814
503.13966393369964,0.851161641057838,0.03508097898446707
509.70286316889025,0.8581759232841117,0.036294755884878765
516.3516759767896,0.8652149988592273,0.03764418258635925
523.0872191426068,0.8722784001434933,0.03915152479320926
529.9106240194437,0.8793656520799052,0.040844244391061574
536.8230367183203,0.8864762722990585,0.042756608214423536
543.8256183006912,0.893609771228644,0.044931933987986734
550.9195449734618,0.9007656522074722,0.04742578867122351
558.1060082865547,0.9079434116040079,0.05031064622332697
565.3862153330504,0.9151425389393626,0.05368284566830901
572.7613889519407,0.9223625170146976,0.057673293710174454
580.2327679335259,0.9296028220429914,0.062464494572940954
587.8016072274912,0.9368629237851129,0.06831874803627803
595.4691781536976,0.944142285690134,0.07562710902933692
603.2367686157227,0.9514403650398221,0.08499943731419553
611.1056833171867,0.9587566130972419,0.09744231323532872
619.0772439809003,0.9660904752593903,0.11474426978061593
627.1527895708715,0.9734413912137787,0.14041810612234362
635.3336765172078,0.9808087950988909,0.18243859132924262
643.621278943954,0.9881921156684215,0.2636234351956037
652.0169888998959,0.9955907764591946,0.4862177918275923
660.5222165923859,1.0030041959626852,3.6952773401507812
669.1383906242087,1.0104317878000277,0.6386367159207798
677.8669582335399,1.0178729609003985,0.2895554493035829
686.7093855370363,1.0253271196826912,0.18540813184807045
695.6671577760956,1.0327936642403426,0.13538073704239922
704.7417795663285,1.040271990529207,0.10600276690832483
713.9347751502866,1.0477614905583623,0.0866860586144298
723.2476886534839,1.0552615525837061,0.07302451964562068
732.6820843437617,1.062771561304237,0.06285694968078477
742.2395468940339,1.07029089806087,0.05499886738531099
751.9216816484608,1.0778189410376686,0.04874675871101614
761.7301148920953,1.0853550654653432,0.04365645111795399
771.6664941240476,1.0928986438268904,0.039433694954047714
781.732488334205,1.1004490460652114,0.035875831703601875
791.9297882835781,1.1080056397925908,0.03283873068556453
802.2601067882872,1.1155677905018655,0.030217083861570276
812.7251790072619,1.123134861779144,0.027932159604226476
823.3267627336912,1.13070621551793,0.025923916911564284
834.066638690276,1.138281212134485,0.024145770173890097
844.9466108283331,1.1458592107842933,0.02256102024960158
855.9685066307999,1.1534395695794493,0.021140364260921793
867.1341774191932,1.161021645806837,0.019860121964973797
878.4454986645706,1.1686047961469215,0.018700949142966314
889.9043703025491,1.1761883768930093,0.01764688881744661
901.5127170524331,1.1837717441708029,0.01668466114835471
913.2724887405042,1.1913542541581101,0.015803124776926428
925.1856606275314,1.1989352633045267,0.014992863192011714
937.254233740543,1.2065141285509404,0.014245863525718905
949.4802352089457,1.2140902075487132,0.013555264547258864
961.8657186050095,1.2216628588783471,0.012915157065674296
974.4127642888027,1.2292314422675108,0.012320424451622054
987.1234797576252,1.2367953188082383,0.011766614175272428
1000.0,1.2443538511731747,0.011249833543810315
1013.0444878542819,1.2519064038306769,0.010766664481938786
1026.2591343719441,1.259452343258647,0.010314093417544697
1039.6461591856048,1.2669910381569265,0.009889453238549695
1053.2078108818523,1.274521859658103,0.009490374963974233
1066.9463673789355,1.2820441815365882,0.009114747284017007
1080.8641363093802,1.2895573804158096,0.008760682513808099
1094.9634554075967,1.297060835973377,0.008426487805313666
1109.2466929025459,1.304553931144084,0.008110640693718038
1123.7162479155154,1.3120360523205885,0.007811768235568526
1138.3745508631087,1.31950658955167,0.007528629137932922
1153.224063865466,1.326964936737882,0.007260098389928397
1168.2672811598247,1.3344104918245137,0.007005153997211177
1183.506729519469,1.341842656991704,0.006762865491173942
1198.9449686781466,1.3492608388415914,0.0065323839418960266
1214.5845917600209,1.3566644485823922,0.006312933250234855
1230.4282257152324,1.3640529022092676,0.006103802531853659
1246.4785317611404,1.3714256206818827,0.005904339436769251
1262.7382058293217,1.378782030098543,0.005713944273030868
1279.2099790184,1.3861215618668008,0.005532064823847915
1295.8966180527816,1.3934436528704401,0.005358191764552723
1312.8009257473761,1.400747745632721,0.005191854599902895
1329.9257414783806,1.408033288475828,0.005032618054168578
1347.2739416601921,1.4152997356763812,0.00488007885612856
1364.848440228569,1.4225465476169885,0.004733862869550612
1382.652189130066,1.4297731909337077,0.004593622526576981
1400.6881788178694,1.4369791386593667,0.004459034527368333
1418.9594387540953,1.4441638703626714,0.004329797774341716
1437.4690379186418,1.4513268722830357,0.004205631513569253
1456.2200853246777,1.4584676374610612,0.00408627365948782
1475.2157305408568,1.4655856658646265,0.003971479282182348
1494.4591642203425,1.4726804645105227,0.00386101923914656
1513.953618636735,1.479751547581597,0.0037546789356593378
1533.702368226988,1.4867984365393563,0.003652257199913284
1553.7087301414083,1.493820660231991,0.003553565260674415
1573.9760648008296,1.5008177549978006,0.003458425816769023
1594.5077764610578,1.5077892647639752,0.0033666721888793135
1615.307313784662,1.5147347411407197,0.0032781475453223566
1636.3781704202586,1.5216537435107074,0.0031927041943735765
1657.7238855893177,1.528545839113834,0.003110202936550101
1679.3480446806404,1.5354106031272765,0.0030305124710525407
1701.2542798525892,1.5422476187408436,0.002953508851108348
1723.4462706431714,1.549056477227623,0.0028790749836169263
1745.9277445880834,1.5558367780099278,0.002807100168949932
1768.7024778468165,1.5625881287205472,0.0027374796771757665
1791.7742958369276,1.5693101452593181,0.0026701143574262756
1815.1470738765868,1.5760024518450348,0.0026049102773882116
1838.8247378355054,1.582664681062713,0.0025417783902744297
1862.8112647943535,1.5892964739062387,0.0024806342268477413
1887.110683712783,1.595897479816425,0.0024213976103356237
1911.7270761061638,1.60246735671452,0.00236399239227254
1936.6645767311325,1.6090057710311816,0.0023083462075088297
1961.9273742801197,1.6155123977309869,0.002254390246772896
1987.5197120848998,1.6219869203324975,0.002202059045359129
2013.4458888293373,1.628429030923933,0.0021512902865952204
2039.7102592714252,1.634838430174509,0.0021020246189312093
2066.3172349747456,1.6412148273414882,0.0020542054855379067
2093.2712850494668,1.6475579402730016,0.0020077789654482864
2120.5769369030118,1.653867495406696,0.001962693625325156
2148.238777000513,1.6601432277642758,0.0019189003810464876
2176.2614516351937,1.6663848809419988,0.0018763523683595765
2204.6496677087907,1.6725922070971941,0.0018350048219132689
2233.4081935221648,1.678764966930878,0.0017948149620556077
2262.5418595762185,1.6849029296665237,0.0017557418888011459
2292.055559383269,1.691005873025083,0.0017177464824742659
2321.9542502889835,1.6970735831963077,0.0016807913105160006
2352.242954305076,1.7031058548064786,0.0016448405400369933
2382.926758952829,1.7091024908825954,0.0016098598556882487
2414.0108181176324,1.7150633028131221,0.0015758163824976345
2445.500352914673,1.7209881103053768,0.0015426786133108732
2477.4006525659106,1.726876741339634,0.0015104163405255664
2509.7170752884967,1.7327290321200326,0.0014790005918301997
2542.455049194781,1.738544827022384,0.0014484035696674454
2575.62007320406,1.7443239785389584,0.001418598594193154
2609.217717966215,1.7500663472203355,0.0013895600494628808
2643.2536267974024,1.7557718016144224,0.00136126333268499
2677.7335166279477,1.7614402182027122,0.0013336848062852305
2712.6631789626044,1.76707148133389,0.0013068017526551613
2748.048480853345,1.7726654831548636,0.001280592331368919
2783.8953658848145,1.7782221235393145,0.0012550355387392737
2820.209855172691,1.7837413100138757,0.0012301111695599205
2856.998048375017,1.7892229576819947,0.0012057997808881198
2894.2661247167516,1.794666989145609,0.0011820826577608131
2932.020344027679,1.800073334424704,0.0011589417807049355
2970.2670477938555,1.8054419308748513,0.001136359794954562
3009.012660222776,1.8107727231028152,0.0011143199812507863
3048.2636893224326,1.81606566288033,0.0010928062281515116
3088.0267279944474,1.8213207090561143,0.0010718030057419792
3128.3084551414686,1.8265378274662416,0.0010512953406819575
3169.115636789009,1.8317169908429323,0.0010312687924997105
3210.455127221918,1.8368581787218656,0.0010117094310624355
3252.333870135681,1.8419613773481038,0.0009926038151633935
3294.7588998027422,1.847026579580702,0.0009739389721565324
3337.7373422540063,1.852053784796099,0.0009557023785782612
3381.276416475822,1.8570429987903736,0.0009378819417023716
3425.38343562251,1.8619942336804483,0.0009204659819827363
3470.0658082447467,1.8669075078043165,0.0009034432163292175
3515.331039533954,1.8717828456203884,0.0008868027421641677
3561.1867325829344,1.8766202776060232,0.0008705340222384743
3607.6405896629426,1.881419840155334,0.0008546268701418755
3654.700413517415,1.8861815754763345,0.0008390714364859926
3702.3741086725818,1.8909055314875156,0.0008238581957230936
3750.669682765169,1.895591761713918,0.0008089779335593121
3799.5952478874224,1.9002403251827698,0.0007944217349375069
3849.159021949677,1.9048512863187794,0.0007801809725652113
3899.369330060699,1.9094247148391275,0.0007662472959437734
3950.2346059260435,1.9139606856482543,0.000752612620891163
4001.7633932646095,1.9184592787324821,0.0007392691195211142
4053.9643472437597,1.9229205790545645,0.0007262092106596715
4106.846235933072,1.927344676448206,0.0007134255506817213
4160.417941777105,1.9317316655126202,0.0007009110247318748
4214.688463087353,1.936081645507205,0.000688658738340394
4269.666915553677,1.940394720246347,0.0006766620093691029
4325.3625337754465,1.9446709979944798,0.000664914360323551
4381.784672812646,1.9489105913613831,0.0006534095109702446
4438.942809757229,1.9531136171978265,0.0006421413712692258
4496.846545324959,1.9572801964915902,0.0006311040346024237
4555.50560546802,1.9614104542639037,0.0006202917712705102
4614.929843008661,1.965504519466378,0.0006096990222688857
4675.1292392941505,1.969562524878449,0.0005993203933082167
4736.113905873331,1.9735846070054008,0.00058915064907996
4797.89408619499,1.9775709059769968,0.000579184707752214
4860.480157328492,1.9815215654467737,0.0005694176356871271
4923.882631706741,1.9854367324920243,0.0005598446423643713
4988.11215889195,1.9893165575145229,0.0005504610755107856
5053.179527364411,1.9931611941420184,0.0005412624164152592
5119.095666334622,1.996970799130541,0.0005322442754329725
5185.871647579032,2.0007455322675423,0.0005234023876581924
5253.518687299741,2.004485556275923,0.0005147326087678657
5322.0481480084645,2.0081910367189533,0.0005062309110267971
5391.4715404350645,2.0118621419061347,0.0004978933794366192
5461.800525460976,2.015499042800027,0.0004897162080431328
5533.046916077862,2.0191019129240595,0.00048169569637565416
5605.222679371812,2.022670928271353,0.0004738282460155277
5678.339938533434,2.026206267214593,0.0004661103573117165
5752.410974894117,2.0297081104169417,0.0004585386261910501
5827.448229988961,2.033176640744052,0.0004511097411127826
5903.464307646509,2.036612043177165,0.0004438204801176045
5980.47197610579,2.0400145047273237,0.0004366677079911336
6058.484170160976,2.043384214350736,0.0004296483735308701
6137.513993334,2.0467213628652714,0.0004227595069112235
6217.5747200755295,2.0500261428681252,0.000415998217145857
6298.679797994645,2.05329874865466,0.0004093616896304321
6380.842850117597,2.0565393761384394,0.00040284718379561714
6464.0776771760375,2.0597482227724444,0.00039645203081424633
6548.398259925095,2.0629254874715146,0.00039017363141354266
6633.818761491688,2.0660713705359934,0.00038400945375322726
6720.353529753474,2.069186073576601,0.00037795703137560665
6808.017099748837,2.0722697994405386,0.00037201396123709803
6896.824196118254,2.075322752138815,0.00036617790179810833
6986.789735577636,2.0783451367748267,0.000360446571183179
7077.9288294237995,2.0813371594741676,0.00035481774540298305
7170.2567860726895,2.084299027315687,0.0003492892566394197
7263.789113630697,2.08723094826379,0.0003438589915857691
7358.541522499518,2.0901331311019873,0.0003385248898451355
7454.529928014991,2.093005785367685,0.00033328494238245694
7551.7704531203635,2.0958491212882198,0.000328137190025677
7650.2794310744175,2.0986633497181355,0.00032307972202421455
7750.0734081949295,2.101448682077701,0.0003181106746462567
7851.169146637922,2.1042053302926584,0.0003132282298262731
7953.583627213153,2.106933506735208,0.00030843061386205505
8057.33405223635,2.109633424166218,0.0003037160961458821
8162.437848418655,2.1123052956786514,0.0002990829879419124
8268.912669793683,2.1149493346422137,0.00029452964120312366
8376.776400682924,2.1175657546492093,0.00029005444742870724
8486.047158699668,2.120154769461586,0.00028565583654401467
8596.743297792189,2.1227165929591973,0.0002813322758472719
8708.883411326618,2.125251439089226,0.00027708226895192703
8822.486335210026,2.127759521816794,0.0002729043547914038
8937.57115105424,2.130241055076745,0.0002687971066428633
9054.157189380947,2.1326962527265754,0.00026475913118373357
9172.264032868587,2.135125328500518,0.00026078906758067173
9291.911519641606,2.137528495964756,0.000256885586599682
9413.119746602633,2.1399059684737747,0.00025304738975187195
9535.909072808092,2.1422579591278224,0.0002492732084665237
9660.300122887873,2.1445846807314677,0.00024556180327838607
9786.313790509623,2.1468863457532623,0.00024191196305304422
9913.971241888115,2.1491631662864696,0.00023832250422914304
10043.293919340626,2.151415354010879,0.0002347922700840879
10174.303544888448,2.1536431201556483,0.00023132013002443377
10307.02212390552,2.155846675463217,0.0002279049788963901
10441.471948814622,2.1580262301542263,0.00022454573631614693
10577.67560283176,2.160181993893469,0.00022124134602300366
10715.655963759431,2.16231417575683,0.00021799077524868487
10855.436207829354,2.1644229841992226,0.00021479301410753587
10997.039813595316,2.1665086270235063,0.00021164707500586022
11140.490565876815,2.1685713113503464,0.00020855199206502105
11285.812559754137,2.170611243589038,0.0002055068205655818
11433.030204615552,2.172628629409258,0.00020251063640374438
11582.168228257297,2.174623673713732,0.00019956253556864466
11733.251681037073,2.1765965806118137,0.00019666163363088706
11886.305940081593,2.178547553393943,0.00019380706524544934
12041.356713549265,2.1804767945069954,0.00019099798367307435
12198.430044948234,2.182384505530481,0.00018823356031563246
12357.552317510868,2.1842708871535943,0.0001855129842543914
12518.750258625292,2.1861361391531005,0.0001828354618174566
12682.050944324717,2.1879804603720348,0.0001802002161459639
12847.481803835346,2.189804048699212,0.0001776064867823887
13015.070624183583,2.1916071010495206,0.00017505352926371862
13184.845554863366,2.1933898133449934,0.0001725406147292954
13356.835112564364,2.195152380496645,0.00017006702953885588
13531.068185961856,2.196894996387048,0.00016763207490283922
13707.574040569096,2.198617853853646,0.00016523506651838752
13886.382323652968,2.2003211446727895,0.00016287533422312963
14067.523069213803,2.202005059544466,0.0001605522216505694
14251.026703029993,2.2036697880777307,0.00015826508589959526
14436.924047768713,2.2053155187768105,0.00015601329721390273
14625.246328163023,2.2069424390278716,0.0001537962386658577
14816.025176256626,2.2085507350864284,0.00015161330585188414
15009.29263671704,2.210140592065408,0.00014946390659886352
15205.081172218057,2.2117121939238102,0.00014734746066985012
15403.423668892427,2.213265723456001,0.00014526339948843373
15604.35344185565,2.2148013622815848,0.00014321116586359618
15807.90424080186,2.2163192908358678,0.0001411902137233208
16014.11025567265,2.217819688360887,0.00013920000785526274
16223.006122399902,2.2193027328969976,0.00013724002365816268
16434.626928723486,2.220768601275001,0.00013530974689033378
16649.008220084874,2.222217469108813,0.0001334086734399752
16866.186005597647,2.2236495107886363,0.00013153630908394588
17086.196764095723,2.2250648994746514,0.00012969216926684156
17309.07745026084,2.226463807091195,0.0001278757788780212
17534.865500829594,2.2278464043214314,0.0001260866720392834
17763.59884088163,2.2292128606024737,0.00012432439189482633
17995.315890209848,2.2305633441209856,0.0001225884904071033
18230.055569773653,2.231898021809215,0.00012087852815810264
18467.85730823645,2.233217059341477,0.00011919407415970999
18708.761048588352,2.2345206211310407,0.00011753470566149032
18952.807254855325,2.235808870327454,0.00011590000796916843
19200.03691889583,2.2370819688142523,0.00011428957426453389
19450.49156728613,2.2383400772070687,0.00011270300543450753
19704.213268295407,2.239583354852117,0.0001111399098974577
19961.244638951866,2.2408119598250558,0.00010959990344107994
20221.62885220106,2.242026048930208,0.00010808260905908965
20485.409644157397,2.2432257777001214,0.0001065876567958759
20752.631321450597,2.244411300395489,0.00010511468359084098
21023.338768667647,2.245582770005381,0.00010366333313116283
21297.577455891987,2.246740338247812,0.00010223325570452102
21575.393446340997,2.2478841555706075,0.00010082410805971196
21856.833404103145,2.249014371152583,9.943555326358607e-05
22141.94460197603,2.25013113290501,9.806726056966049e-05
22430.77492940669,2.2512345874733692,9.671890528762938e-05
22723.372900535465,2.2523248802393736,9.539016864823896e-05
23019.787662344817,2.253402155323268,9.408073768469167e-05
23320.06900291442,2.254466555586376,9.279030510678185e-05
23624.267359783953,2.2555182226339037,9.151856918293478e-05
23932.433828424964,2.256557296817985,9.026523362176233e-05
24244.620170823306,2.257583917240955,8.90300074610722e-05
24560.87882417329,2.25859822175886,8.781260495448998e-05
24881.262909685705,2.2596003469851675,8.661274546496325e-05
25205.826241510294,2.260590428294712,8.54301533573374e-05
25534.623335774817,2.2615685998278163,8.426455789725387e-05
25867.709419741994,2.262534994494634,8.31156931470133e-05
26205.14044108591,2.263489743979664,8.198329787394954e-05
26546.973077289407,2.2644329787464517,8.086711544410841e-05
26893.264745164055,2.265364828042471,7.976689373887229e-05
27244.073610494335,2.266285419904165,7.868238505639228e-05
27599.458597807592,2.267194881162158,7.761334602462255e-05
27959.479400271448,2.2680933374466172,7.655953751476447e-05
28324.196489720332,2.2689809131927663,7.552072455435927e-05
28693.671126812784,2.2698577316465416,7.449667624611028e-05
29067.96537132131,2.270723914870388,7.348716568275857e-05
29447.142092556198,2.2715795837491797,7.24919698712068e-05
29831.264979925858,2.2724248579962794,7.151086965357974e-05
30220.398553634364,2.2732598561597026,7.05436496306557e-05
30614.608175518806,2.274084695628409,6.959009808706798e-05
31013.96006002796,2.274899492638702,6.865000692253106e-05
31418.521285344177,2.2757043622807225,6.772317157613664e-05
31828.359804650347,2.276499418505055,6.680939095928674e-05
32243.544457543823,2.2772847741294253,6.59084673897856e-05
32664.14498159925,2.278060540845478,6.502020652224711e-05
33090.23202408222,2.278826829225656,6.414441728501916e-05
33521.87715381573,2.2795837487301442,6.328091181761732e-05
33959.15287320141,2.2803314077139025,6.242950540706203e-05
34402.13263039759,2.281069913433761,6.159001643049572e-05
34850.890831656274,2.281799372055588,6.076226629155562e-05
35305.50285382072,2.2825198886615228,5.994607936845091e-05
35766.045056986695,2.283231567257259,5.914128294943037e-05
36232.59479732826,2.2839345107793956,5.834770718615858e-05
36705.23044009112,2.284628821102833,5.756518503349058e-05
37184.03137275551,2.2853145990482155,5.6793552199480426e-05
37669.07801837065,2.2859919443894228,5.603264709200914e-05
38160.45184906329,2.2866609558611017,5.528231076899897e-05
38658.2353997223,2.2873217311662333,5.4542386888798126e-05
39162.51228186195,2.287974366983734,5.3812721661898614e-05
39673.36719766586,2.2886189589760906,5.309316380213043e-05
40190.88595421428,2.289255601797025,5.23835644822969e-05
40715.15547789686,2.2898843890991762,5.168377728851091e-05
41246.26382901348,2.2905054135418106,5.099365817219294e-05
41784.300216565636,2.2911187667985513,5.0313065411834204e-05
42329.355013240296,2.2917245395651187,4.964185956639046e-05
42881.519770590094,2.292322821567095,4.897990343640634e-05
43440.8872344107,2.292913701567687,4.8327062019814347e-05
44007.5513603192,2.293497267375506,4.7683202475672856e-05
44581.607329535575,2.294073605852351,4.704819408268356e-05
45163.151564870066,2.294642802920999,4.6421908200755494e-05
45752.2817469191,2.295204943572991,4.580421823698258e-05
46349.096830472474,2.2957601118764197,4.51949996014796e-05
46953.6970611345,2.296308390983716,4.459412967946776e-05
47566.1839921621,2.2968498631394314,4.400148779177747e-05
48186.6605015224,2.2973846096880086,4.3416955161084516e-05
48815.230809172914,2.297912711081545,4.284041487880611e-05
49452.00049456713,2.298434246887547,4.227175186946497e-05
50097.07651438856,2.2989492957966724,4.171085286207396e-05
50750.56722051553,2.2994579356304534,4.1157606354554585e-05
51412.58237822146,2.2999602433490103,4.0611902586426424e-05
52083.23318461144,2.3004562950587424,4.0073633506352005e-05
52762.63228729983,2.300946166019994,3.954269273868467e-05
53450.893803331455,2.301429930654716,3.90189755600594e-05
54148.13333834952,2.3019076625540986,3.850237886993767e-05
54854.46800601366,2.3023794344861597,3.799280115775452e-05
55570.016447671194,2.3028453184033437,3.749014247940418e-05
56294.898852285085,2.3033053854500642,3.6994304429808705e-05
57029.236976621745,2.303759705970236,3.650519011473926e-05
57773.15416570225,2.3042083495147723,3.602270412620583e-05
58526.77537352031,2.304651384849051,3.5546752517794356e-05
59290.227184030475,2.305088879960349,3.507724277583093e-05
60063.6378324103,2.305520902065252,3.461408380032784e-05
60847.13722659916,2.305947517617018,3.415718587704006e-05
61640.856969119355,2.3063687923129192,3.370646065388891e-05
62444.93037918056,2.3067847911015424,3.3261821121992265e-05
63259.49251507326,2.307195578190052,3.2823181588282396e-05
64084.68019685417,2.307601217051419,3.239045765533254e-05
64920.63202932757,2.308001770431613,3.196356619963037e-05
65767.48842532643,2.308397300356752,3.154242534955497e-05
66625.39162929723,2.308787868140217,3.112695446606847e-05
67494.48574119237,2.30917353438972,3.0717074119818245e-05
68374.91674067435,2.3095543590143435,3.0312706072015092e-05
69266.83251163561,2.309930401231525,2.991377325777407e-05
70170.38286703822,2.3103017195740043,2.952019975990193e-05
71085.71957407761,2.3106683718967376,2.9131910795352803e-05
72012.9963796747,2.3110304153837484,2.874883269430166e-05
72952.36903629982,2.311387906554963,2.8370892884332075e-05
73903.99532813492,2.3117409012729673,2.7998019868215656e-05
74868.03509757567,2.312089454749755,2.763014320963468e-05
75844.65027207995,2.3124336215534025,2.7267193515938888e-05
76834.00489136635,2.3127734556147135,2.690910241772283e-05
77836.26513496762,2.3131090102338123,2.6555802555702063e-05
78851.59935014337,2.3134403380866977,2.6207227564083413e-05
79880.17808015701,2.3137674912317414,2.5863312051425755e-05
80922.17409292149,2.314090521116141,2.5523991588436323e-05
81977.7624100187,2.31440947858234,2.518920269062883e-05
83047.12033609739,2.3147244138743788,2.485888280370222e-05
84130.42748865469,2.3150353766442135,2.453297028637389e-05
85227.86582820599,2.315342415957987,2.4211404401617214e-05
86339.61968884856,2.3156455803022427,2.3894125294477652e-05
87465.87580922307,2.315944917590097,2.3581073985087994e-05
88606.8233638806,2.3162404751673646,2.3272192348219475e-05
89762.65399505725,2.3165322998186335,2.296742310547201e-05
90933.56184486387,2.316820437773294,2.2666709808741185e-05
92119.74358789579,2.3171049347115087,2.2369996827595828e-05
93321.39846426765,2.3173858357701533,2.207722933507655e-05
94538.7283130794,2.3176631855486938,2.1788353300015154e-05
95771.93760631862,2.3179370281150145,2.1503315466767042e-05
97021.23348320527,2.318207407011214,2.1222063349823496e-05
98286.8257849844,2.31847436525933,2.0944545218458673e-05
99568.92709017254,2.318737945367033,2.0670710085185245e-05
100867.75275026438,2.3189981893332643,2.0400507695140612e-05
102183.52092590391,2.319255138653822,2.0133888513114007e-05
103516.45262352962,2.3195088343269123,1.9870803715702252e-05
104866.7717324956,2.3197593168586303,1.961120517478506e-05
106234.7050626779,2.320006626268418,1.93550454522501e-05
107620.48238257121,2.3202508020944506,1.9102277784890323e-05
109024.33645788261,2.320491883398995,1.8852856077889833e-05
110446.50309062861,2.3207299087736994,1.86067348922486e-05
111887.22115874222,2.320964916344858,1.836386943407986e-05
113346.73265619678,2.321196943778608,1.812421554832233e-05
114825.28273365308,2.3214260282860897,1.7887729703498814e-05
116323.11973963669,2.321652206628555,1.7654368986231923e-05
117840.49526225256,2.321875515122431,1.7424091090834092e-05
119377.66417144357,2.322095989644339,1.719685430966985e-05
120934.8846618005,2.322313665636054,1.697261752515343e-05
122512.41829593034,2.322528578109435,1.675134019826857e-05
124110.53004839031,2.3227407616512976,1.653298236265985e-05
125729.48835019502,2.3229502504282364,1.6317504614241217e-05
127369.56513390422,2.3231570781914166,1.6104868103102417e-05
129031.0358792986,2.3233612782813036,1.589503452722765e-05
130714.17965965152,2.323562883632354,1.568796611808612e-05
132419.27918860427,2.323761926777666,1.5483625641693753e-05
134146.62086765276,2.3239584398535698,1.5281976382398467e-05
135896.49483425438,2.3241524546041874,1.5082982138599812e-05
137669.19501055928,2.324344002385942,1.4886607217134682e-05
139465.0191527833,2.32453311417202,1.4692816419209038e-05
141284.26890121895,2.3247198205567967,1.450157504348257e-05
143127.249830902,2.324904151760205,1.4312848867004896e-05
144994.27150293798,2.3250861376320695,1.4126604145718699e-05
146885.6475164985,2.3252658076564012,1.3942807604748214e-05
148801.69556149578,2.325443190955634,1.3761426431927222e-05
150742.73747194427,2.3256183162948343,1.3582428271665695e-05
152709.09928001824,2.3257912120858544,1.3405781216994497e-05
154701.11127081476,2.3259619063914503,1.3231453801022533e-05
156719.10803783083,2.3261304269293626,1.3059414997436497e-05
158763.4285391642,2.3262968010763405,1.2889634205863803e-05
160834.41615444748,2.326461055872134,1.2722081249715848e-05
162932.41874252466,2.3266232180234487,1.2556726370852638e-05
165057.7886998803,2.326783313907846,1.23935402197046e-05
167210.8830198305,2.3269413695776184,1.2232493853981182e-05
169392.06335248644,2.327097410763611,1.2073558729287737e-05
171601.6960654997,2.3272514628790084,1.1916706693727912e-05
173840.1523056003,2.327403551023082,1.1761909983692351e-05
176107.80806093718,2.3275536999849002,1.1609141217300827e-05
178405.0442242323,2.3277019342469893,1.1458373388532397e-05
180732.24665675792,2.3278482779889664,1.130957986271578e-05
183089.80625314906,2.327992755091129,1.1162734369531717e-05
185478.1190070611,2.328135389138003,1.1017810999907944e-05
187897.58607768375,2.328276203421862,1.0874784199873959e-05
190348.61385712298,2.3284152209461926,1.073362876374283e-05
192831.61403866162,2.3285524644291438,1.0594319831512175e-05
195347.0036859113,2.3286879563069203,1.0456832883840034e-05
197895.20530286254,2.3288217187371423,1.0321143734261965e-05
200476.64690485634,2.3289537736021844,1.0187228528847685e-05
203091.7620904739,2.329084142512455,1.0055063736707345e-05
205740.99011436777,2.329212846809655,9.924626148844922e-06
208424.7759610426,2.3293399075699983,9.7958928734253e-06
211143.57041959782,2.3294653456073915,9.668841327206078e-06
213897.83015944596,2.3295891814765866,9.543449237421073e-06
216688.01780701813,2.329711435476288,9.419694632103691e-06
219514.6020234702,2.3298321276522382,9.297555838005996e-06
222378.05758340284,2.3299512778002613,9.17701147604781e-06
225278.86545460834,2.330068905469269,9.05804045830768e-06
228217.51287885738,2.330185029964247,8.940621981810427e-06
231194.49345374005,2.3302996703491883,8.824735525322691e-06
234210.30721557423,2.330412845450012,8.710360846077951e-06
237265.4607233954,2.3305245738574407,8.597477974005164e-06
240360.4671440423,2.3306348739298457,8.486067211116768e-06
243495.8463383523,2.3307437637960575,8.376109124289846e-06
246672.12494848104,2.3308512613581556,8.267584543198551e-06
249889.8364863614,2.3309573842942153,8.160474556554063e-06
253149.5214233162,2.331062150061024,8.054760507836808e-06
256451.72728083993,2.3311655758967755,7.95042399238899e-06
259797.00872256447,2.331267678823728,7.84744685318253e-06
263185.9276474247,2.331368475650825,7.745811180125537e-06
266619.05328403943,2.3314679829763034,7.645499299390882e-06
270096.96228632325,2.3315662171902534,7.546493779227265e-06
273620.2388303456,2.3316631944771617,7.44877742148372e-06
277189.4747124538,2.331758930818421,7.352333257110071e-06
280805.26944867626,2.331853441994808,7.25714454772532e-06
284468.23037541786,2.331946743588936,7.163194778017799e-06
288178.9727514791,2.3320388509876864,7.070467655655706e-06
291938.11986139516,2.332129779384593,6.978947104764489e-06
295746.30312012904,2.3322195437822155,6.888617265707535e-06
299604.1621791283,2.332308158994485,6.799462494038877e-06
303512.34503376624,2.33239563964901,6.71146735088429e-06
307471.5081321838,2.3324820001893674,6.624616606911153e-06
311482.3164855518,2.3325672548773615,6.53889523352309e-06
315545.4437797712,2.332651417795261,6.454288407279351e-06
319661.5724886304,2.3327345028480004,6.37078149959879e-06
323831.393988439,2.3328165237653655,6.288360078581903e-06
328055.60867415636,2.332897494104152,6.20700990437308e-06
332334.92607703543,2.3329774272502948,6.12671692927466e-06
336670.064983801,2.3330563364209707,6.047467290033418e-06
341061.75355738244,2.3331342346666846,5.969247310077859e-06
345510.7294592218,2.333211134873329,5.892043495681801e-06
350017.73997317674,2.3332870497642046,5.815842531732553e-06
354583.54213104,2.333361991902041,5.740631280066502e-06
359208.9028396966,2.3334359736909804,5.666396779538086e-06
363894.59900993895,2.3335090073785305,5.5931262392197e-06
368641.4176869629,2.3335811050575126,5.520807040923979e-06
373450.1561825657,2.333652278667969,5.449426729615392e-06
378321.62220906885,2.333722539999069,5.378973022861606e-06
383256.63401498727,2.333791900690955,5.3094337954333796e-06
388256.0205224687,2.3338603722366154,5.240797084005028e-06
393320.6214665259,2.3339279659837,5.173051087510497e-06
398451.2875360846,2.3339946931363187,5.106184159074045e-06
403648.8805168737,2.334060564756831,5.040184805142766e-06
408914.2734361705,2.3341255917676103,4.975041688112778e-06
414248.35070945113,2.334189784952773,4.9107436165082885e-06
419652.00828893686,2.3342531549599093,4.8472795510433225e-06
425126.15381408687,2.334315712301775,4.784638595295679e-06
430671.7067640523,2.334377467357974,4.722809999884112e-06
436289.5986121188,2.334438430376613,4.661783157126845e-06
441980.7729821641,2.334498611475941,4.601547597665703e-06
447746.1858071561,2.334558020645973,4.542092994023025e-06
453586.80548971856,2.3346166677500766,4.483409151968939e-06
459503.6130647917,2.334674562526568,4.42548601377832e-06
465497.602364414,2.3347317145902626,4.368313655701544e-06
471569.78018465394,2.3347881334340155,4.311882283075471e-06
477721.16645471903,2.3348438284302535,4.256182230930959e-06
483952.794408271,2.3348988088324707,4.201203963035968e-06
490265.71075697546,2.334953083776724,4.1469380681872625e-06
496660.9758663157,2.3350066622830945,4.093375259448829e-06
503139.66393369966,2.335059553257141,4.0405063719323055e-06
509702.86316889024,2.335111765491337,3.988322363272808e-06
516351.67597678956,2.3351633076664804,3.936814309296938e-06
523087.21914260683,2.335214188353095,3.885973402466359e-06
529910.6240194427,2.335264416012811,3.835790951847065e-06
536823.0367183192,2.3353139989997365,3.7862583826870213e-06
543825.6183006901,2.335362945561794,3.737367231389025e-06
550919.5449734607,2.335411263842061,3.6891091453774603e-06
558106.0082865536,2.3354589618800823,3.641475883015668e-06
565386.2153330492,2.3355060476131735,3.5944593126631546e-06
572761.3889519395,2.3355525288776935,3.5480514049209407e-06
580232.7679335248,2.3355984134103283,3.5022442405978834e-06
587801.6072274924,2.3356437088493314,3.4570300028888127e-06
595469.1781536988,2.335688422735762,3.412400977345659e-06
603236.7686157239,2.335732562514716,3.3683495517942474e-06
611105.6833171879,2.335776135536521,3.3248682137135803e-06
619077.2439809017,2.335819149057938,3.2819495490000783e-06
627152.7895708728,2.335861610243327,3.2395862394336246e-06
635333.676517209,2.3359035261658265,3.197771066634142e-06
643621.278943954,2.3359449038084907,3.1564969043864787e-06
652016.9888998958,2.3359857500654226,3.1157567184118543e-06
660522.2165923859,2.336026071742905,3.0755435713197056e-06
669138.3906242087,2.3360658755604975,3.03585061259784e-06
677866.95823354,2.3361051681521308,2.9966710824690893e-06
686709.3855370363,2.336143956067196,2.9579983113913045e-06
695667.1577760956,2.3361822457715964,2.9198257154558526e-06
704741.7795663286,2.336220043648813,2.8821467977621227e-06
713934.7751502866,2.336257356000937,2.8449551468223805e-06
723247.688653484,2.336294189049702,2.8082444339151155e-06
732682.0843437618,2.336330548937494,2.772008413877236e-06
742239.5468940339,2.33636644172836,2.7362409247954033e-06
751921.6816484608,2.3364018734089878,2.700935882779856e-06
761730.1148920953,2.336436849889695,2.6660872855957336e-06
771666.4941240461,2.336471377005387,2.631689208036701e-06
781732.4883342034,2.336505460516508,2.5977358018552728e-06
791929.7882835765,2.3365391061099956,2.5642213002894897e-06
802260.1067882855,2.33657231940019,2.5311400045505664e-06
812725.1790072602,2.336605105929773,2.498486295224583e-06
823326.7627336895,2.3366374711706603,2.4662546255951254e-06
834066.6386902743,2.3366694205249074,2.4344395209105e-06
844946.6108283348,2.3367009593255834,2.4030355770622594e-06
855968.5066308017,2.336732092837655,2.372037462862901e-06
867134.177419195,2.3367628262588402,2.341439914186251e-06
878445.4986645724,2.33679316472047,2.311237737551835e-06
889904.370302551,2.336823113288317,2.2814258052629383e-06
901512.7170524349,2.336852676963438,2.2519990596729146e-06
913272.488740506,2.3368818606829875,2.222952506244859e-06
925185.6606275314,2.3369106693210324,2.194281216603452e-06
937254.2337405429,2.3369391076893433,2.165980327438336e-06
949480.2352089457,2.336967180538198,2.138045037187361e-06
961865.7186050095,2.3369948925571506,2.11047060905267e-06
974412.7642888026,2.337022248375807,2.083252365891435e-06
987123.4797576251,2.337049252564583,2.0563856932437418e-06
1000000.0,2.3370759096354576,2.029866035681854e-06
