x,outer_leading_error,outer_corrected_error,outer_improvement_factor,inner_leading_error,inner_corrected_error,inner_improvement_factor
1,1.0149071081981542e-07,2.3432693285752038e-11,4331.158590358267,8.404814529668307,18.178628308911005,0.4623459144906077
3,2.622294548185189e-06,3.0272459192182133e-10,8662.310952465985,1.2692181630152597,1.7462460988638224,0.7268266276105434
10,4.427558467073878e-05,1.541523593495686e-08,2872.1963684211805,0.07096670208790853,0.07434894835668966,0.9545084854118612
30,0.00033054373225366307,1.4860388779236455e-07,2224.3276213305558,0.000488580816975337,0.0007493046462589137,0.6520456257874496
100,0.001665705914321494,2.2694719379206564e-06,733.9618906447695,0.0016866387082028643,2.559801202106464e-06,658.8944121187719
300,0.0016773194888097254,3.1775501437847353e-06,527.8656238015786,0.0012161593707633034,5.401505601687617e-07,2251.5192252755105
1000,0.052310013960931045,0.011110405050021588,4.708200441425797,0.0004633492984990051,2.3868715226527115e-07,1941.2410517347403
3000,0.5033119662282937,0.2032501042833188,2.4763183664924773,0.00011236322846075453,1.222552423740808e-07,919.0872005058208
10000,3.0837292968822165,2.672811889087574,1.1537397410840307,1.2393346138339645e-05,9.83925371178529e-08,125.95819257608031
