n,omega,u=-omega,mismatch
0,9.39331577747656,-9.39331577747656,-3.219235e-14
1,18.0064275157681,-18.0064275157681,-4.784334e-13
2,29.4906982492945,-29.4906982492945,-3.904072e-15
3,43.8460741164073,-43.8460741164073,6.635695e-15
4,61.0725405714668,-61.0725405714668,-1.310565e-14
5,81.1700922903754,-81.1700922903754,4.510887e-13
6,104.138726934906,-104.138726934906,7.615147e-15
7,129.97844334076,-129.97844334076,-1.536147e-12
8,158.689240892582,-158.689240892582,-1.221457e-14
9,190.271119215286,-190.271119215286,1.601192e-14
10,224.724078086818,-224.724078086818,-1.006630e-14
11,262.048117360106,-262.048117360106,-3.204554e-14
